resonance_network,schrodinger,dirac,planck,totalMinedBlocks,totalRewards
,,qzmssQyhfreQ7t41spcPP2vv1XBUsC1A4915ogJW4bXfCvx4D,,89778,877676606141581253
,,qzjfAe19wbQStkPuCZxiST4dy5ghtXBNgyNiBRu7N9RdEpZuA,,75806,736282492892638973
,,,qzjVZ8E957sD3cp8XS8Cf3bD4qLZPjYsdm6NSm5ZbA2o5BDZj,73694,28376089888111304
qzmu2UxAm4JH9CjMLx3yVnPJGrwbq6iJmKq6ZominTXjmSDEN,,,,53704,535020324406211696
,,qzngDmhUrTbdCUUMyzoWFTVer4dVEqxEGJbMwDzgq1vtFDnYu,,47456,466488432074306629
,,qzkVESSdXeQ8Jb6wYC7CtCj5hQqPqzFgUjgvDjc9E1gQ7LHoK,,41450,395933986280903282
,,qzpsKarxVcw79pH1zKpRHeX2tiBZdqpJxbFBiDuo3ocRvd5MT,,40121,390535114418194789
,,qzpdQxGyLBtNC4hYE4XzH96KAqyfBBEbSAMGvLAZta4KMWNqx,,38785,376833756387786351
,qzpShigRwEfoqWefYkCxCyHyyNMFV2rZtq7zgLQoN5JbwbWhE,,,32585,324711129504010233
qzmc7PZeKBhFPF2eUfcGgSqSLafPCjVXW8qTjMpNu7gQB3iTj,,,,31889,318700028523679757
,,qzqAn1M81bJ4BThz2BfRRhNhX82hhBnYbs65wAnh6re9kyo33,,31392,303970828211702981
,,qzkUpykcRNm4R5T4jQELTP7WDNkMJ557yHKYgpLqobdbBETcp,,27954,273594426168281683
qzoJT7eJRBG44EWRuL8MsZGvXKALkzykkfy7AmYYPbGWWNpe6,,,,27659,276480016513807334
qznBscoqfgchvYUUYCY6o8f8HsJWNvU9SC3DKMvoLu438Hrmu,,,,27337,273260016362702351
,qzpffwT52TxEg2G8hmZ4NcJ1vjw788kyXX329VJzSSNuREkVU,qzpffwT52TxEg2G8hmZ4NcJ1vjw788kyXX329VJzSSNuREkVU,,27249,268543649251809762
,,,qznaZcifLXCN9M6cWeJ91XsGQ7NCbkiZCwaLouUSP5YMiMzyQ,26614,10256707989777470
qznrsyqc3HEkGy93HxZttNbBtia1nd9UDy5D8HrgfTTqRRnHv,,,,26204,261450088392576320
qzq13T533TiW4esoLg7ZRrsiVeGS9k8pKHERiJTAAuj4uJdvJ,,,,23319,232220164950415339
,qzn1a6f3ttc3NzkXLgKUJ1DD1GmVQ7W7C4bpjLaqDG8cVG3Jb,qzn1a6f3ttc3NzkXLgKUJ1DD1GmVQ7W7C4bpjLaqDG8cVG3Jb,,23316,231911326765829563
,,qzk4ECfeSFbQfJ9zNsAweryn46TttfkMwDmDEw97w4cJoTGzu,,22887,220559029126989393
,,qzjykZBSbNb6JUE4gSamRXbPReSSJi2Jc6Y8M51ALJLBs8odt,,22146,217243145103436307
,,,qzjtwGuPGLy1C8mkpc7hp4ZyiK3WxaPJ5yg2dZtUnGprqZ84r,21915,8314555233784975
,,qzjabKoiGqb2EQKgjadKdcPXeXER7ad3C41ChdWP5YkMiYPBP,,21635,210286642956426625
,qzot2brxs5s468XbYh9D3NoYxpmnp8xkmWzibsqBPrFmqC6FJ,,,21309,212690416690012353
,,qzoa1vPquWNDpZckmSu8b3rp2S7KNbMrtMJ7NWkucfV48vTcF,,20389,200162848660982469
,,,qzqDMhonEncjXczzbaxXYTsFkh2MMDVSpCQXamVvK7EE6NSpY,19992,7724346107780540
,,qzod6rwhRxPVjueF2EZ46iKAWMHdgYLeATdgSPtKG8bJ3i7tr,,19624,188578629886128238
,,qzkMLLy5HaHcUfCHfdEoeiFEAieP2RfKQLcjiTnwCTuiP3kFg,,19440,186821271690995597
,,,qzkJ4DehqdMcBFHqVWPsZ7o6DpW5vJWNmsSs123vc9zCgjTod,18705,7286394758724671
,qzjuqy6MyJRV9fW87fb34VYXYhyEMqyaEtiWNnf3g9yoZdfmP,,,18043,178771571041042176
,qznFyQNkVEqWM13sEq9E4qjT75s6Rfazi9Jq1pNaPpciJvyde,,,17291,172360540124597307
qzmre1UiD9iAzP1fHZq3DyXprfDupoVNFDAJRF6edPDmwjEbR,qzopaRR8MTRyQHh591rhEPZFZ39Ho6x8CZFji4YfKb6nq3C4i,,,16790,165990469170568645
,,qzoAcbQXeGT4LZXdZPcT8qkBJGU8jkDWFiMrodvcUzPDEbumz,,16182,151233653228587877
,,,qzozjfZd8vfVFdoKbtmezfMWV21ngt2Qc429Df1uT8u5CMeWZ,15521,5895941706884002
qzoRp2XbwmtP6cb1khkd8gSzp88XLWQnwUHcghX8PtRALSB5U,,,,15159,150220204958806576
,,,qzpciM4tLqLHhiRczjKd2kSwSWAncCYkuU6PdDyjZE37cbyMv,15158,5696855812252608
,,qznvwUzPoZ72bDwaoQyYbabME6dZCQSz1WoY6DtcY7NYv6MQH,,15093,146135247753870005
,qznbFq2GaFvRC45d67FcU2e86SRu32ks6bqBfo4ofwjJUNR2d,,,14616,145580589379412919
,,,qzoe6nFgmXGwHA5zyUKwwGaiwFZjUBCvmXWCvZsnVA1LHEuHt,14234,5455371457947781
,,qzq2NpQ4YEM8UedKmT6grZFJCwBtcfZWfnNNACZRtLr5oFn9J,,13642,130515947449848489
,,,qzq92jufqAi6mq6NejVjbnFSHmWGp2btEz7jyCbqW2t2NAYZw,13361,5141084520099119
,,,qzogGp7Wf1UJn9gWNr6qbEhHtyvVPFXq4ResHiCRnTNVX73Yy,12877,4931526374411870
,,qzm1ezdaBRnevMFanLZt9fRTZ7kBMxBeHABQ4ZWuQ7hVocECY,,12730,125007866978463003
,,,qzoUXSq3JiS3FNWLT1sX93orRW8iub9jijuKNs162oYf7gcmH,12655,4902730825106734
,qzpoTFEvSgUwYpR3ePQz5K4rDwmTE46XoCDd1xefSfakZhMYd,qzkRPsN9EcqGh5YBY9ZtYWKENTe1wyjsF8ETXdXRLg8cUmMip,,11975,116753292232177647
,,,qzk5T5k7XV5UwErhdCadnr5YG12rd7ZwXXMdQ9jKU8j1Qs8z6,11943,4776499298088691
,,qznsWNgxqNFqNGJHproQZEZm89oih1AebS8dZSFfGTLVspbEf,,11929,114457702629304150
qzo84V7Ssq7Z3GS1oLVwQ59cByk6bCGvK15EjWrt85AMNqYNt,,,,11863,118320056585049819
,qzoCszTr12UqAQUPmJU4UuVf98cpkWKEbiDdpZTG3WyYr73JS,,,11507,114420675427665667
,,qzmReSdCef1efdr8cyoqiCqRKd16LGgyLm6do2Ssgv35YhZYm,,11446,112107212666775562
,,qznsgpVYgbmySquQpRWCNWwLotYLcVN4GNPECxfhfTmESjPeu,,11262,110331753175948322
,,,qzq3yzbR7iXgkAEWdANe7WkvCvHqZVsmTJVQ9qkWax28wKQ1d,10973,4166966593871356
,,qzoRj4BB9yZU592N39bVDaihtRTD3dGSVHuf5B7VB4ogTwDSG,,10944,105207181685294194
,,,qzpkSBJZ2seaisouXx5r9HnhMzFUNrx8FdLTQLcE27veKurTc,10821,4255608072981682
qzoye6zPEeJz8mxCar3Q1oiN2xpjFf47jvCVoMjjzuFTw9Dsp,,,,10404,102850177224240185
,,,qzoGZBgSuPqRLLHe5E3MWR2Az3bLXdiobDJN56KdMoF5tyKhc,10214,3985157815853676
,,,qzoqy3pcLsBcPpGFqj9BTv3UyvRB9o8ScnKqcQfSbQTR6odnu,9972,3827256458762906
,,qznuv4ayRPVmsQP1YAuSdRFyraHgk5JUV59GhokWY4tJNLpMX,,9865,95054578068557919
,,qzpxVNHtbHLCT4p8bCdMsoN59y1Nk5ohrTBJL2CqBMHahzz9T,,9788,94596196170288761
,,qzmjL8bskGfg99oyjz3EzaoZQGUdkuC1PQUFpbvkzHmsavaad,,9563,92154999132232896
,,qznnipanj2hXNrTfa6UUaPkQRX3mxtFkF1FKiNFokKgCTFQsv,,9463,93380768090314843
qzoQf4od1mzuTa5AT9R8cbEUxQkyEiqGJyKfq8ZWcK9fTLCmh,,,,9408,92970207760354631
,,qzn9vq9RmqLTke7rgWhSooFXCTF1c37xqqogQh2Skx8TAwkCn,,9408,92081578395152333
,,qzpR14A35zqXJvZwv7ELpjyiaKgeJ9VY3yU1618Z8TLwWJjzU,,9346,91771235531875804
,,,qzoh8Nvauqx6fHiFftu8UU3vJncL23sZY9sP9PjxX8NtbbU71,9098,3508256206841844
,qzjfz5bEM1ty3LcXoh1SfHgPWHbpx1n7SZ6ykEDd4e9wfw7XK,qzjfz5bEM1ty3LcXoh1SfHgPWHbpx1n7SZ6ykEDd4e9wfw7XK,,9087,89461539886113797
,,,qznf9mQwGAX7oqmyiNQ4cAm68d2S9Ayx8oV5dirMFPHFYgNPf,8968,3410993001476997
,,qzqDVTrpK1iB1r4fDmaDt17kReGere5S7QTJnw7e9d6avsfi1,,8967,85449540888775065
,,,qzneChhG2NKkVycgweCDuBvksh4mvwNn58ySTcD6GYBHW5yLZ,8943,3390740681253703
,,,qzk8ik4XDs99LechSUQ7X4UcsEn3x5G2K6HVAh12VGaeLKCaE,8839,3399258452975923
,,qzjuRcQLRnipu9foN527EmNYwgBrsKzDHLmpJY5dv7muU14qc,,8779,85867986050634249
,,qznYQKUeV5un22rXh7CCQB7Bsac74jynVDs2qbHk1hpPMjocB,,8688,86560315390157117
,,qzjV3hAsSpehwEH7ufz8CSS9nDjB5BqSirYhNTcZUzsHmZn7Y,,8455,80828703635798164
qznhpVShWsRqhp4g4KVnD82AGdwQo5EVZp9fqdmUAJBLSyCeW,,,,8412,83861031865799530
,,,qzkkAjRoQckvDiHHVod21JBK9VwAHDxqACD44PUyhqckGokaD,8194,3170547835662030
,,,qzphpYvryvfgPhykRHGA6dfNJggCyuWkLqrtbVG2fL7UMd2s3,8193,3470948060606317
qzn6C9EKUpuNPm5qbe5jSq7uiCHV7ruixuzNM4DQQQGZxe2du,,,,8035,79460614984327815
qzmNCqKCCLk51kY5dHkuMHrK89pdTLWspnxodoVX3ETMGaXUQ,qzpgbvDxercT56sd9UyBwiGwEqH2igJniJGC8Y9J3K9kBkta9,,,7477,74380115382556588
,,qzoVJ5Ptbw8udqmB2BdqWqUy2zKhbSPHqn4tjevabMBKWqVgH,,7431,72784207824336048
,,qznfAogbxPq6HBesBUgrehTAXPs7D4JMJ4ZKGGjq6pVsozCkY,,7222,69123453410918732
,qzmRRr2ZYMRJhP4BJtR5LeGt4atYGUjdq6pJ2YdwjLboTmhFn,,,6929,68760567420661953
,,,qzpo2n7PByDUB8MP5jyqVh5NqRdCPQ418xB1ywEKFcShD7bPu,6739,2575218293100102
,,qzm4THzkiamY4WAEWBRQvSHNnuF1646QHcLCWWfQkPx8G4spW,,6682,65121074851614352
,,qzjou3gFoc43pNcj7di1LRVBnbeRGtS3YHuzH3ansrxM7uNjJ,,6660,65161521749603682
,,,qzje34gHt9vcddjFSeRRpyo9zy3HVg7QjTUFvEkUzmxXRtfeo,6636,2539364163648904
,,qzp6hcZtKGMh7rAmkwis6TaumBB8Ejaf6E4MGbxeNTT84yGe4,,6597,62876962433532843
qzprTjCZMGh9P76yJBKWFv5QeAdJ1buqmMtsmCS3uTXpoopWS,,,,6312,62420183781914608
qzo8VqpTojHapSvjwdLqze3GebmfAGS4Nq6rTnRsjR2S8u9mA,,,,6296,62130144250658395
,,,qzpvavZmrYcDtpK4wuz4T9FE336FZoPbTVKAwS8SiLTH5JuuR,6279,2405442355367267
,,,qzk7HyC72tCngnsZa8eR5CfH9VombFG2xA7YBSKE1P5KD5Ui6,6230,2395045779194833
,,,qzn7QqFMK1Jrq932oEdqUgg1i5rgxh1tdJmnLrVYk2H9CfZGM,5915,2304120180809783
,,,qzptQjWMTh95vs4w8fp6Mp3nvBc6LNJLpdPNXGPi9xRbLWraX,5852,2209480703349384
,,,qzmBUdwKPZtkNMpUZTcuTdAgxzumJ3VBSrK2Z3jq3Wiv4fpNM,5704,2276383415528588
,,qzkstn8F4jNj43Q7xYHERVM2xJKNjqc4HEDfkstajAsNFGomM,,5666,53983018693563043
,,qzoF1k2refbU5jqLNJ63ETmEyUC6ddhcbmwbz8KQF5p7KjEn5,,5502,53102575513011054
,,qzmdSNDcuWexG7Cz19taf3XfT6fCRX12qDQU69vNzdDpRgjJv,,5477,52064819235084504
,,,qzkXsiDa8wssERPRv24gQ8NJSsWqrKy2YbpFJAfLPPAbS75ot,5453,2798885958822775
,,,qzntXFHNziRKXNRKDke7eugWHfGbsAdLY76MnpmPpq6GfnSsL,5426,2066253233713921
,qznJ4dHSXqWw112iqxU3F8ZLV7kvTB7myut9r2DKnYfnrggEA,qzmNaLjPU7hcvkjHpGmrVDPD9y12vdAFimCSrP1GkhVFJMaUq,,5322,52830406022762043
,,qzoKAaM69LJqXhBHB5pBroW2H8jRaFt7tu7rrLFGypMacpsiM,,5320,51422029488616233
,,qzmj2vv3dxRXvQQEBp5crY2AQe6DwbNQ7ww7m5p17BXv9sxV7,,5269,51091890226678413
,,qzm34PtyvSroN8Y1Ewn9rRWEPpXAn68TBaXEJMFpqSwxLn4wh,,5202,50022616150677636
,,qzpf27tsP8fBRRgGGyAnDc4qc4T6EBQ7FHE198E9BQhwBfXNG,,5182,50932671296014756
,,qzoXu7mBS3hVPuBSWpg5vMbAmqC21k6D6JZMTAgATJFwnmv4a,,5166,49961939134919863
,qzn2CBXmMorWepWR6DVtpjXE1KwH21nuuoyHUExJEBptQ3k5A,qzocUbGTXDMWojfxpXiqcxG1JHqBkbKaSAXAzfUAdKaHuCHK6,,5032,49790465311526380
qzotCmuA9SRD5aqWzYnFAeSE9N8FhhhgnKQG4mu4h66kc1YYm,qzotCmuA9SRD5aqWzYnFAeSE9N8FhhhgnKQG4mu4h66kc1YYm,,,4902,48830111947778160
,qzoAgZv6Qa9LK6sRA2FL6gdRdgcnkSW1MjFq4sUrmQssmrCvn,qzoAgZv6Qa9LK6sRA2FL6gdRdgcnkSW1MjFq4sUrmQssmrCvn,,4893,47412074140601517
,,qzq5jpZzkD1g6S8q8do8YXEH5kbLJxr5ZH8iLC1fRMH1cDCwr,,4711,46111080552863665
,,,qzkpjqTqAkt7khy1QF1xophcFRMvEvnoC2P3cTD13yXjTxnL4,4678,1796714591808863
,,qzpPXV9GBTPNZt5ykFT2ccSdXVgtU2DeUWtFnFnmzKeQBZVpd,,4671,44941874786508739
,,qzq9iYKZ32ymzRXQAdWq6dj1wzYgLi4pcbahkUQE8hURzqmJf,,4621,43776051609685196
,,qzjtKf8PuSQKssmaJBrKzF8NqXxNgiWoABuwn2xazbx5Qx5Wh,,4601,43734181586906892
,,qzoXFFL5N6jPuH8A4wm8tFT3WKecSXdHUPtvSkQcbMSVGKiQF,,4587,44522864874914055
,,qzq8TijbtG5eV9Z6RDfQf8Mr2pzFWV5PT6YDuaehHD4TX5vfo,,4516,43553054271751656
,,qzoSU3H1AfoCXaP2Jwqghz2PsBssxbmQkD8vNvs4w1ng9PtDx,,4464,42962246174396492
,,qzmFxRvMgBN2DhcwTyoYdt4DWm6ygqkym89pVY8c4J1Hh9TZz,,4437,43241452999405977
,,qzjckpfCNf78VKLTdBAi4qmLXVdq7wR4i8cFgJikAYHvLHDe7,,4429,42246809732487036
,,qzmRgTnJ6XNFCKheSrnzKiaW34ubPENCX7MqSreQKgTsZkEBQ,,4427,42771815440449404
,,qzp2iCiP2eiMrT3evvYRSBUNX1hh7rbwUokchqDg69kzjgPBy,,4399,42811133568302695
,,,qznWNcF4qvGzMrFQNCxpUpG5wQqbyhi479QTVrsjjywSSKacC,4391,2033638591043509
,,qzq7P4bPaptUpY3F6YC1RvWFS7Ee7MfGmzoi2yaSYWqWahZUR,,4303,41412372639408065
qzjxCJfheVUxLEZto56T6v4cKT5i4PTqHWYssDE6Sfyy6xwcS,,,,4275,42050764752161292
,,,qzjYMpbcejXW1d26G8MGVo9hAVWhc29EgwK8rQhZvQQUfvKcE,4249,1583101372132984
,,qzkqpVQfNPJdtLy11Lipq7S4FweRWfhCMrfVUohDgaKifUQAZ,,4234,41071541456981202
,,qzo92RobTAxfxz6fFNQZ3qqRCkkHt28oJiHMgz2bHyMHBE78S,,4220,40074646282425689
,,qzmZzKgzPHZFpJ4pT3NW68rN4rD6xj9GdaTMHVkDywwdgdb1M,,4197,40201969994025342
,,qzoTppcZM2nZg2qBNhXCe2KbiGiCFXpXFyMkzu8qy9qDRuNhx,,4193,39495273648443330
,,,qzoA7nYHPcDgoh5CoS6yokCjBbS4Krxgock8WACw3di9fhfMR,4141,1672339487774016
qznJ6gdt21ezvLxdYw3iAUjqHEW1FAWMT3U8PtDtnhgPG21nB,,,,4124,41080023609919877
,,qzodyHDA4JPnTVCYp9CPczHLTyvV2cg5wwSDzgNnedkehaAaG,,4122,38963682983914714
,,qzmoeZ7nMVib4WPmktLCsAN4kNNCEdgWynK2Du5XUWXA4QZ94,,4065,39641151256865707
,,,qzngBkeSDRAU4aE4YzNSMBhgi6L6HoWVNopgpeDUWz7xZF3Yr,3793,1452794536995697
,qzp3cP18hQatXezUdyfgzL8JrogmJZzd8zi3HufzCXfXZe8a1,,,3782,37550278683008636
,,qzmxL7QnoRc7U13dYhYxGHajNCW5rci9QsBhEckVSc7Jm1XU5,,3758,36360491905745898
,,qznjwpAM7oy51RwwRMMagrvyy5zHEbpEiDu27akw4STmA1zbN,,3610,30461048668312126
,,qzp4abhZ4xh7MYXvDu5zFUg9wjG8Lcd1MSzyDYChVFok91xxV,,3610,35165759004064769
,,qzpXyYw3WYhQW4WHY6xUrWWA3K29jd8khQdhAre2AWBkZWyAW,,3578,35014768260886376
,qzq6AsTmxoaTANy3mETvEKDHhFGjxLN9SPgi2rmcxttQfJenn,,,3554,35050514708660739
,,,qzmkLmZ8L8pQCZhYqVsYrwjeNWt2aw8BCBAzP9YGbKCWtQrjj,3546,1316933636493658
qzpJfFKE5ByDBqjcRgYBieKedPrhivsmH13VRUCrdXtsPLdFK,,,,3527,35140039466249259
,,,qznAFkJZAFTWeLx7uszSRUMdEoSSE2fbXCfcEZSXLngE2sVyw,3527,1428221862261988
,,qznNa4SgboRRYChe3rUKJgFu9vyrBsWa62X7KrWwgAnJLVLmN,,3524,34151148782115254
,,qzkvYuYFPgJMwve9RSgLeEC3qKpQ81Mn1BiHWuX1k2yaAUzoq,,3509,33203350941365067
,,qzmswvR98p3fLfTnCUqXR5rMex9Pn8xVjjyFLSYCLtrs6dUwP,,3508,34810219331356350
qzpxE7g7vRq8hGxbD7rESVGGvM5Q7CJypTwzvoEoeDEGB2azL,,,,3503,34850037501164836
,qzoqBe31EaycT5bp7V9nx686Fr255GvP2xa8XWjDRANFFsmeX,,,3496,34870096005252781
,,qzpZBpnnQXRgTE6DvpbMHm8etUi1Bxxdy9VmW5GuvqzEEWTMC,,3481,33331615906591776
,,qzodyzosc3Kow9GV3oqXivj8Q8LQ7dM9T5wnDp5sFcjXQR1HX,,3434,33920458931731537
,,,qzkArpDcgYXXBHjo1KC8gdcPCqa1mey39hV3ikmGT1Q773Hoi,3391,1294083369189439
,,qzpKJ8wBLVE2JkCwqQpWARN9GbQ4yptDTinfMkdE9QzqK7BRz,,3372,32840953652037090
,qzjgWhh2jhRFgD8fQnxp9HJXE34dx5XbPCXFUs6VnXFu8xHBj,,,3337,33260088018648396
,,qzkRCmmoQbVqvGEQshYi6FUYdwxVJ5ES65Dss7NJWuR65YrJV,,3315,31899693537583341
,,,qznjf7KKWr3XMdqUS2FnNh4eo69FWQALYvyd46RKvnkX8fZKf,3280,1265683229128697
,,qzp3TrxcsLLK3r7ymgwDcuksk8KkZXjYw7mUphv7kL67ZqYDN,,3239,31680772057168921
,,qzmyMvHGK9xvbWTaFaV7nCuHAaKXEWWx2oy2qPpK8t35G2GmV,,3147,30321415152458077
,,,qzotFdURyYYVE8PxtvZYPae79XDVZb2mupjwxUzuAp5zbxF2x,3111,1197723252811195
,,qzqBeoPMd275pnrNAeQhmhyu5QJ8SeYNAVA5xZTEdGFTWBAxR,,3039,29800381117463770
,,,qzk3fjVeG9MHEfU9SVzAmUyb8yeDAwANyCzexqz8RQaHDLkV4,3005,1142537407304423
,,,qzkxev6EzBfPY8ehVoesywRqcYQzR3WA3WaXDUHhX6F9AkEJ7,2975,1106767545741472
,,qznbC2n3nbKidee6ekWJQjfoUWbDvmrK81rWf8djuuJfQABd6,,2972,28081807666663952
,,,qzjfjzcmfeZ8Gmx3TRJQHA6Z7ps4LdKBSxJ86FXW6CYM4PhkX,2923,1120655325144894
,,,qznFyjC5J8rev3q38Uq6AgmZZaz6pwVsNGYLY18o33dpQ82UC,2887,1106541942198009
,,qznWLG11DULsQFjo1bvH57RpambhRcS6tFG6DspX4GkvWH8y2,,2860,26932188132458687
,,qznBrw539t2GXwuoN6hqniNy378Uhoxod1dn247B1bu3qSMwL,,2841,26792113520655213
,,,qzpWaNzLvKGa28HUT4WZfRZ9mR3CmzGeKTLZWUAaGY2hZ5N4h,2789,1068637685863408
,,qzjjSUA6ByxufGRHm5hKSoaz9gGdhBZkVB6QF57nHvQhXfQVS,,2759,26641615061893618
,qzn2fVfnQsb5TX1uQhfK1c1d6E6bR3BoHuynXADGi6KeGCkiM,,,2758,27530044015146557
,,qzjd3JcWomUPHNLZ3wev3u1qdaJWFngpq8q1uz7tYv2Rvk2MJ,,2723,26051277636445066
,,qzpBwzzKoLUJLC4DRN3yFu3yChg973ZXzG3BGdD8RQUhgXqiU,,2699,25964089620364110
,,qzkHXEf1jYEceSyQYEcx5AsPpeySzME791wW6w3SXhwDFooSZ,,2696,26051289713026166
,,qzkXpTw5oLkeBwn9SzUbu3jug6VJ5oD4QeRaoqet98eJxPxVi,,2616,25510514787518838
,,,qzmzKoUTJeRRrHc1YheH289k96wR66Xyo6scgiJMwuk6GqcuB,2570,1010862712964546
,qzocKmN2SvGyw1pmCwtnTSncfBkevxFfghqPsn9k6gzzQtVCV,,,2527,25180086727147767
,,qzk8e8TrLh4pZHYBad76BWcZxDmhDgvH8EHsFskCiE56HGQ4n,,2505,23991178176824570
,,qzobD8H4SacS1ueFA5h1TvupB9MbArDjk4q1ENtWn34y1s5rm,,2467,23721047578651324
,,qznXCP2sU8gcKa74XTD1UsiqW8UWBoAH18KH8p5w1sUPD57G4,,2388,22861110680133561
,,,qzkES36rs5AJSgo9cVuYhqeDXPZrYwtVyP1QVfZCVNhVBvLuq,2346,905127182548260
,qzpLQViE39bzEfnhuYdx5zUvgY4RJEmcdzTTrVmaovNQA9KrX,,,2296,22900064003501854
,,,qznaH1f7pzGjRLo3GVwJdvtxJibUfHStGYcvEao3hYCy8CtTY,2292,867302277754749
,,qzoUyJBrQvAEL3yFpmDEJA4jLyYpMGrNjX28qmZ7Cvmt9TqjT,,2231,21750592114703536
,,qzknsLGszSZUa5NnkLzymGm6u4iQ9DDQbBUYuVgLixEwzB9g5,,2180,21190694717415536
,,qzmZ7Gpbtu2z4J55AnjqKZCfNfbuoWUmGCANsrRPZgFgb21Ya,,2150,20401167527513357
,,,qzmyJZ6rpZ7ia27SPMKJkBBZsSxvtbwNDkYVcCfNE7W5bSqCJ,2134,805662823492341
,,qznGci976xEyHroGWm6fCAEm9AUEq38AMDu8zYohcxmU2QUsS,,2109,20360812057168958
,,qzo7pUCHfcEhxUuxuafcixv7WU8WvBAMRjR1uCfhym4DHFe6Q,,1981,18950975342282526
,,,qzmDt1Nwq2L776DPH2czsfSpTvGZzGoTtsT5Xec1Lvt4U1uyL,1936,747568252484612
,,,qznGJeNb8SmTKc8j4MveHRUDzFbxzJfpbwA1xXbVu88gQ81cG,1921,775849706012877
qzkKG6BoZdXG4MYTVEmjAumrSoja2MZ6gFNm9C9e354wmtEsh,,,,1902,18940011794152407
,,qzkFwmNAVrRKsZ7277jVfUDH4SLy8c88u4pmggc7Wwn2jdsRw,,1793,17400579870994061
,,,qznJU9ha9Pr71KZuocLfQTg85XmTLV9B4ookUdwumHH8Sx2Bw,1793,695296774916488
,,qzk3KyUyvVHXv4K26j2ePTZhr8qgRYqpL5RasN5xELYutRrys,,1790,17050909150659816
,,,qzmX7W95uX4LS1Eoe7qJ2ffpvXt9zyeuBDDDAxELJrnJ5LAAh,1736,663451660241403
,qzovQrRgRg29FYyh6aCjK1cHgjxiSQMwED6RjyLcHXnoHC45E,qzovQrRgRg29FYyh6aCjK1cHgjxiSQMwED6RjyLcHXnoHC45E,,1665,16540128007003708
,,,qzkhJXmG9MaC5aF3A7WF2hr8hLzCjyqAYYUwvUWXzKuaXXSSv,1651,626901191481491
,qzkDSKxYbjpY51FjEkAFMbzpsm8THhnCXLubiKTdx3RfNYcGW,,,1647,16200288015758330
,qzp9MgRYKtW3FEioPbmYb7D4D44R2AdqjQcU5kCCBGyREFfKw,,,1623,16210021334500618
,qzjTMPKfiHxHepHUJgHpxxS61fULxTypp6ZruAMrd4jMVhugC,,,1617,15930246692902418
,qzpp6Qze6kmfVHTECrcF3uBsdd6yKrTyf9fUe2xKUCxYYngdB,,,1611,16030076016897484
,,,qznjVeZD28Z3Vo8dkb2o95si7pEgQ6PgdjczmiWZHHSk7zQZv,1577,588109025902047
qzngmjcJaBFwWQQEHCZP5VUudKGmSS89tXX5WGHK9cGoTZYhA,,,,1574,15680018705659860
,,qzjeLJHgufAz3UvAAkN7mtqgesUdwSP4sBdBJYfuFa2wu4Y9j,,1573,15220664050165143
,qznkYEdGrwLHWtyPFxSFjgzSBCSDiEwWYA4viEf59u1EcAKyc,,,1568,15660021334500618
qzjcfckdrUxQPjR91qEwYgEzu7rYDcfQTXy8gyddAoPnQqs4g,,,,1545,15380010508724121
,qzkr2yeiTZsfbtwMaAx3wyPZtDhLo6TtZhGETynbsMQTP38VY,,,1522,15210010667250309
,,,qzppKy8m9ETWMV8TUWmE3P5AuFTxka3ocKZ2wdg4whgHHigP5,1482,572605441221303
,,qzp46dLKdevu6Cn9jzvBSPivSZqTECwFohfx9xr2u86Rhbf9A,,1445,14250186048941502
,,,qzoFgxG8X5CvDFeZva9CtxYG3xqufvhojzJQvCymHGbxjop5P,1405,535924366032179
qzm99pG17NMSEF81Vmbt7dohv4rECY2cuNA6sJYhgQ24V6pGk,,,,1399,13970003002590605
,,qzp7UiUh343dPDjsqQ4ki6gYyRtJw2gL7mLYkkmqsXsDkwZSv,,1354,12970725373021012
,,qzpHJECPLDqWc1NHL6ySN7Ts8q7kJXiJGXGRYTHX7egTVkxX6,,1347,12551258735536490
,,qzkMW1vkVWCKPaGoNoG1xi4zk9y8mE1rftV5wr4ajoegf6w92,,1342,13130229976413970
,,qzjVVTwX6xi8Z7x5qRAidYkxisfjiLuZZUo5VvzUsSYzCH5Pj,,1330,12680846837210378
qzkiLYEGwcobt6ogFEzi3stiSGy16KUPEwTbRLxL4AWr4oZvN,,,,1310,13040008835864836
,,qznDuX3cD7T4fj2rFfZCXRpGna29B1ytuHfbWSkLzBGr9tujG,,1309,12580756370507099
,,qzpAMvnKaMBrUQMpdkX4JsQFS1peJkSnASvY1yw7CY1uyZod4,,1295,12680240719693657
,,qzqBsCm7DVSVW7NUqtk2yJT2SoC2jmroFQ9keHTvRrpQHLRaZ,,1285,12510460080908668
,,qzmJbB2PtT6Yn2csnweiHgP5AuYWqHpjSWqYuw5hjvu6V6Ewu,,1283,12360620332405246
,qzmbGP4bHDVZtPj5v6kYE9EJBxtZZ62edFz7bQKw7ZESxzaqp,,,1267,12630042669001236
,,qzq43L99r93FuamJkKTqqg1pWu1xmRB41GSW3ZEhGo6aCMLxP,,1265,12330374699906136
,,qznuEeDCfp9wWScQtho9Lp5UVnRoNC1WCCJugtBxBrvJbDSUQ,,1259,12130504041410449
,qzjbKNCuikFtMYzGzQVcqWdMXtKAD5GmqWLkbSHRngVuddWrG,,,1250,12420085338002469
,,qzp2vMweB9mkQKypjQ2MCYgEzSSSnkxFb6ZLmpGBAqpwfraCd,,1224,11590876727920967
,,qzocZMwjQXbpJPybqwM3RByokpAqXcAzzxe7xzAUwniuG3KkR,,1212,11790333377050282
,,qzjuFfppNevtjh1DNNFUSuLqVQZodrjdh5qiG3tkVKvmCcMZz,,1211,11690526722056423
,qzkwZ47Eusy8QsjnetvNXtJoPs8TtviP8Lceg2vErvLacHxQh,,,1209,12070021334500616
,,qzkz9HDb8wNfUMQ6izsrTLuqPssY6vMG37SosmhHtKuvevD47,,1207,11520757374772077
,,qzjXFVBj7WmamW8Bi7to2uqfrGh7nmebafYVrZat4Bn2Ufohe,,1184,11320867406816051
,,qzkhabqtpLwnzRdwzYaoiVxg1AYDDPz2ZXkvAJqoN6n5yPd8g,,1181,11300535935813541
,,qzpHnzRvAyPdFqBi8Raay2EjvS532gmBJDseDB7SHA5eS7sb1,,1181,11385614257171691
,,qzpG1aBJwUsxB5LszistDabf8odyDRA6zDWSjYwnDiLY7eEMN,,1175,11400450037908599
,,qzov49ugwidabvCnTwfyB9cWV57UH7gCiTrkt74Y9S2ha9bYA,,1172,11240558735452031
,,qznJML73SHRr9oH24Ehzv8Xxkg7S8P2yxH5neSYbovNw9Sf6y,,1168,11340375652898443
,,qzq8kWW618bHYQigjf4F6qmzHPvANpQCvnM4CAuVj76xcfAPu,,1161,11260418703407977
,,,qznZttca6MzPdsEaSC289BjqpxZzs4tpa7TWQ9xzzMZBNWc3W,1150,444084439842913
,,qzpFKP7ufpBZmep9Ai24RfFvuBv4katPEQNyehSw2fMFVUNSZ,,1142,10836549691687108
,,qznz772YbXNeDBqG9du3rUrW96atu4aM3iMUqhZTCrhSNzxyc,,1131,10780802057168879
,,qznhYxqMiqioJosXE6d1Su9eczAuemC8kdDuo6UeMQEbPr9U4,,1118,10810385313406799
,,qzjjzBaeGGo2NTvRpZjeCarzCJs8SwRbehPamKZaj43fgCr4b,,1113,10660512028014924
,,,qzoV5wbHXENvywkCLNoVAZd7KzxxH2eREyZNbVRYNbaoh6jiT,1091,414583908832591
,,qzooVku3dWWzSVCgu4Deifvk5WYWSDnZm7cuK6HKG4VZ9iMqE,,1080,10430474240341224
,,qzkCku4BbZ2tNtFWyswpWDS1nP4ZkVbAFSQJE4woiYRPwPuQZ,,1063,10260491494911585
,,qzp4XnbWTHwNaDoPb6GYmDxRH4yjG5JhAkRRCJFrPKmwChWC5,,1061,10000652715664586
,,qzm4SNCVRQMpLrns1RZiBw6kNjzdSXQxMYQ9pcm6Gw1U5jPfF,,1032,9930437357262669
qzomTLVbRsnPgvBiNvLuTHtgQyhEkeePfVjo2zhhBZUKwbUxb,,,,1031,10280004503738909
,,qzocBuPC4htQ7TusY6RPfDuvxZW76tMciJ4rNGXMFsMgcxra8,,1027,10130160676004931
qzjn7bCMVceeJu3hp6cVwKZEJUoPWa3MMCsP53NL1hkYiwSLh,,,,1024,10110020758728254
,,qznpLBTmpowK3uH1zajqrCP9Ms81w4MvhLEgQ1wc7jGMHqyiZ,,1009,9550630713913585
,,,qznGw9v9cdVzL3neuLjdTtCMHZAnP5GoDdRXZw84B7DHQ85bQ,1000,382330411499861
,qzpQiSa39BUXmtnwNQYnaRCbx9L11yxXo1vhSZBYDQqmJGDVb,,,989,9880010667250309
,,,qzoL1nn28VqPZy6kUvpe1mC3gW393bDjMBFVLwG2ka8Bn3uhY,987,381271600640084
,qzkS7pAjzsqRW4qmq69PnGMHG89wZoEv5xPv9MxM2CfZCNZRi,,,982,9800021334500618
,qzkpRnJwhowJ5dgBeNouESyaybQzcj5fRCBKwX2UP4CqbW7zU,,,976,9740021334500618
,,qzp2NKfUKpUGiPmEzXL1SrxyXPHrfWaN7k8szT3Jyv2QNiDzN,,973,9510224679506834
,,qzmMnY6RURWJBhJ9dZE7nJ6NxmiG3soA8ksKPyEc44MLRdNdD,,940,9150289361903664
qzpu6CPrW4Mr6zYaeHj35DPybCr2d5DBN5eeq5e5RJ9KPkJWG,,,,932,9300002851485624
qzm8CnymCRcPffm1kANqHEJh957AHh35pZUGziy1so2CF6oPy,,,,922,9140011901963417
,,,qzowe2f4RP29RQChSvhMeSZVq1j2JeuzM2aVurTY2Vqx3WZuj,919,352519823517145
,,,qzmMixDP4ZsZgXEKEzMjLoLLRhJkupyjHBv8AUwB4eTGDZDfg,905,343206244047809
,,qzpxfsNZJvqiKJJeaahCMFNc25EbtcAH1v8VsPuV9wPETBGZt,,888,8780106672503110
,,qzjnhnm6B843ctXR9okYY5yr2wLCJ9bwTLBVp9whkDB2mM6bc,,880,8410418703407978
,,,qzk53pm2A7qVMaeHpbEptPKfURadMnW95uyK3YjhX34Enjwx5,878,335786135471082
,,qzpyutoZE1DTpP9MdLa6JHxAUL63munZByRLAaZuLDWqKSczH,,842,8090407666294119
,,qzmVGCXECMw743XNz2exq7HWGQF5MyxyDjZh3StUK5u9qeD98,,842,8380042669001244
,,qzo49YQ3Du3rCNMg1c4jvq74V2nCSYkvtg2FgcPgSJjGWby5D,,814,7810363709505702
,,qzorzTjTDfgF2aWSjpb7X8j2cFLMfnbPokP74vnVzKiDQwJ4n,,806,7970117339753398
,,qzm4mRPSvbCBP3365Mm4aAFTK8pzVeNeCvWKEFzupxG5AnE6R,,800,7910096005252799
qzpQzhLXucwBenDb28t8mo6eh2CtFuhJTHw41oVWUwq5TNzp8,,,,781,7790003002492606
,,qzn5St24cMsjE4JKYdXLBctusWj5zom67dnrW22SweAahLGeG,,781,7410524041410534
,,qzo8Nynu1zHsL4Kv3KauzGyKsNnbHraMFULAdixG27UqtEzbJ,,779,7670108728898688
,qzpqieMvB9uhiNJErsuyZbMozHUEbDBeCuZyQ3sVo8VRVZTvd,,,775,7730021334500618
,,qzkueR6bJTaPhme2AQJVM79J3tCHV5Y3MxUyG1WkMZEwUWZn1,,775,7370406443749883
,,qzmvqBvd3G3Zhko8C3NmP1hRHnYR8xH6z5eXDqTsPj4ujnVHz,,764,7360320859484857
qzozH5LezSn1XQ9k7Ezci6p4xK9J8GcjjeXPG8DwvFRzqKzaf,,,,756,7550001501246302
,,qznjf2vHZsqLsRom9rJYYphFmUCH238dPAbvwRfb1Rb55gx4Y,,753,7171525416793742
,,qzpYbpDas1mtHqibGvmi1sDv6aqQibiNhXihasMpCSYPraQUJ,,741,7060407122644900
,,qznD41x7RFCzuyhCDsaCxriNM8SbPbTbwPqH8Hfn3ipojLyoK,,716,7050150008754641
,qzp9qKHA33rLTfE17qSRkZiknDZy6ZJvhGSBHymkcZoGBigq1,,,697,6970000000000000
,qzpb4YQqPLRL4Lg9VZWTnbcpBmyhxmqY1MmPSDjpwufkU4wJ6,,,692,6910010667250309
,,,qznRv1Rs4SmSroEDGW8yfLELrUnSCesDF5vkBatasUpqY64Fg,691,262856277627171
,,qzkzyez9vMXtG9zti4Y8yzH2z1hU2UQhYAVnyt7mGJHUi4yhp,,686,6650195994008111
,,qzqET4W49fXJyJYM7NSxqmYDQbZ8BuUXtn57CxRogtskJyDuG,,685,6540314723195543
qzoyznFQSeNY5BGvVfUYjwB2s2QSYEDsQjxTWvNHCCq6x98Mt,,,,678,6750004352731927
qzmZjkjgi34cba1892dthL38R3JGn9aVEJsDwnbSSwuEs338v,,,,670,6680003002688607
,,qznGVokAH4LBTiTveYCFkD2o1w13JNsckYmtWiLR6sPGdwrWu,,670,6550150730649617
,,,qzpcuyNw8yNqTBnRzA7vQ5Uz4iCXWmGXKfCpn5qRjcM5uQ7gF,667,253646316332708
,,qznQL9mXJ9EogqAyHcx6HdLbqrxbyBKLxiiXVKbqB3vcqrbye,,659,6480128007003699
,qznpFToYGPVuL7a1eKfuzT1zNa5Df7tXspjT4wrv4HzGb8HKb,,,644,6440000000000000
,,qzpDySz2ADQ8oTRWzHrG34F6L8SzVzoci82V2vYxBj2p7GdJL,,640,6170218892668002
,,qzmHs95q5JRHEqFgVEAK9QNkRUQP1rQiApJFtvkTHgMC6Ch7S,,635,6010352926478723
,qzpdk2cFzawAFUd2xsRFDc4f9NPy6r5G7awWgniN1AiQxbAxA,,,634,6340000000000000
qznJvq82Ggw3WrF9jMvc7FJoefUGgYuf6isztg9o6dZSFHd6Y,,,,631,6300001393239295
qzpVVgF1MDnTpK1h1QrcwKD4raFrVuC3GKApKqkr5TWQFBVaW,,,,621,6080019516201939
,,qzm1Z8QJFoJxnmAapezaqjqkV4CH41RGBv4EbNSuENaeozCX9,,611,5960114356221999
,,,qzmAmnxxYyq3fqBP55eHPXiNWMCmvVe2YEx5o9H7M9xFm6hET,610,235244709997812
,,qznx1bjDQgdXkz8YLNx5MyvpeiQFZPbHHn71fq4WsJ5MAjxTV,,609,5930090591620912
,qzjXqoS5PAiJc1etGy2J257ncAJkELKW2oLTAUdiJn9VGUgyc,,,595,5950000000000000
,qzn2WjBfpWW27vNjQLd759CeGZxLBHdypKHttFJEzB1n81DNG,,,594,5930000667250303
,,,qznaqHS3FQEVdsKRi9nc9JUFuCXoKcwE49cL8SF8mKGLHrLKs,589,228845910656355
,,qzpWDnCsmeyKwrTqZra75CcS7YByaXXtmoLrZJNcsMKJbQhSh,,578,5540268365208823
qzqCwUhocvzFG2jPFGvnAve5o5CHmsRfTaxszuxqvyhapQrCE,,,,570,5690001501246303
,,qzo8YG85VgfweuQMEsJrSLNCo55ogqTKX1MtcyYJ2gi5cXQxf,,565,5446101667173494
,qzokWJfFjAqmaq8dENsP3esBLK64v9yhL5dHJ5AJqQhjq4ruP,,,564,5610032001750926
,,,qzoomLZaNLK84UmcaxjiLXmPhwE5X3eETC1YNyAe55qe379S4,555,212925870811736
,,qzpyuWuMJ7c4qcFBedQj3kXvuPbbPJ6qSNognPrnrr1vFs8WT,,549,5180373978906189
,,qzoSb6NaAZBT89u6RGN4uzm5y5hJqo6ggc3wbWrF2zQCafjhc,,542,5210214012256519
,,qzq2aKiqcBm2YRKhdVfeNu44j7TV2mbWw5NudAE971WJGEmqg,,539,5160245346757153
,,qzomoDa4mmawDUuGt89iV9M1m1Tsma4aVEfQ1FQ3zLNFsxrLS,,534,5110236014007447
qzmb7zkTNRg3koUdcAuJxaUREm7T6dQwxm6oBqX2kZjPzfLsE,,qzmXZcX3B75WgYWqfaGukQbaDQvEunZTz6A6ERP8Cj24xdHPo,,525,5190035510036858
,,qzpDo3FRVpdK1chHgLBpHceinmeNySRfHxRzbNnRfBmxcop8v,,525,5020237048647289
qznd1YWbgQrviV76psu5n8d24mHSuHtAc9JmJLB42gTELksvQ,qznd1YWbgQrviV76psu5n8d24mHSuHtAc9JmJLB42gTELksvQ,,,524,5240000000000000
,,qzo5UDS3o2XuQiV1KoGJhYteanMAtLS1mkh2KXSdpyncumazL,,521,5000224637401835
,,qzoxZo4xxcn9FjbL57Ha9tk5PQd6PheLM66gUABa2eb8Pp8qD,,520,4930289601871882
,,qzkdbhMKkVm3uKXwW8Z4mnKggDddhXvVCt2XueV5BytqhA2QV,,512,5080042669001236
,,qzmrbWbyEuFi7oc8P7ZQby4imxdn5rpQr2256tD352yDM5Sim,,500,4860181999957574
,,qznJY8Hx5mXMweeBxZaLs5HouwViviVDg2iBxecDzfosuy6LC,,495,4790181583223449
,,,qznJJmLc72y56wLzKjopYVwY2oa8jSodCfmxtqU2VjCs1jZXZ,492,191254688644868
,qzkQMv73GWFfLTus1QofEkbBHrh58e4TJihoEFL1HKvRLKsRy,,,484,4830010667250309
,,qzosgeCQ3gjB9WLmKRSx4Pj9NF6YZw68c2fhzYU898ro2pMkW,,482,4600235304652146
,,qzkBpmFyDU3MkAv1bTg9VB5M9mg33Vw8MDGAeZdrjWvWvt6BV,,476,4510288922976862
,,,qzmUZW2Aghghw6TsSCgPmqEdbg1Nr5rvbQAKZFgkqPGNYTBEz,471,181838578628607
,,qzkgu6putwW9RkVGAxaTmjGez721MpPdnn9dXHvVHYhrnAy6a,,453,4470054137648917
,,,qzoWfxg9D7SkmsxfZxMJg8ZDS4GfJMtuNVjfcp92WAffSaokD,453,204261903700401
,,,qzoe56Gzrt1NtwsmoUkEwL4UbXaRPNUJyhivzJBAJ2gewfJvo,451,173438532548612
,,,qzoU827dmqjZWxcLkV8JEPHbjk7nVxVTuAphZJE5ouKCi9i3d,446,169091352281627
,,,qzjVXZ4jz2PsFyJo11PoSp793QJAkpHCKk4sCxo48DFSQ7sfY,441,167056310294406
,,,qzjZfskbfWNH7AzHCQfCWia1wai1KDz1kynfufQDWqf7wZqER,438,165003321977536
,,qzpGY5qfaS1tFfbUxmybS9ecSikR6rPhn81dgYUfheocjXwJi,,436,4140245346757151
,,qzkxen9n28qjMjujX2SEEVphQ2UdPzrHqYjDkHeVvdtPLjEgP,,435,4280044639108153
qzmjyKbuq7vzwSAu23BhSwTzLe3DDfjWK56Q4EfnFmeuV6rw2,,,,426,4220005552062266
qzmzbkwmcPzNnGrTxUdWw2wqKK6AwEdwTfeEXbsLd64NApyDR,,,,424,4230001501344302
qzoXUT2nF4kRShWquywxay57SQwMr9n78aUn2j8Eg1NeW3rDe,qzpnWUo1sYJsFV8tUjDAQ3und34XWAEVsgHnEvCXT9ZaQrpZu,qzkFJ6MbLjp6iwdpBV5ZfwZqcqeMnTgmryNK1SbH6Vw5ZWLpt,,411,3930190091915077
,,qzmheMGf8A1F37WudRkuqDZBQ4q5XWaaqS9jzucJh8LczuqAp,,409,3820279536628932
,,,qzoAWNYxGSvurncNDmLraamni2rh2xztbj9pfBRRxtxpJy9kR,408,153531779911381
,,qzo2VufVhC6bJwdg2XYkUD2DQqjzQew2m3giz7jJMtxv5SYwS,,392,3760160633899969
qzokF78eWPn8WbzmkMpWRYr9ZYxtsDKvLtxQMyDrjcqjjMqng,,,,386,3820006004985212
,,,qzkjftZ5PLzzhjxTyp9byWVxWaaHFE4jDQJ9tXnJa2fLmVXTh,386,146855885593131
,,qzkXTv6v185mvpW7ioXpy3jkJqLS8AMqNdJxqkJid7MGATz3U,,384,3820021334500622
qzkM2uGCcpMBu9WsFRbTJWAv2RoJr1BNoUEzNauhFTQD57iYg,,,,378,3780000000000000
,,,qzo5Rt6taAj74KmzWGXH4Wz8aSAoUHmJzUn8NZFaufxE3XwDu,373,140235895765809
,,,qzpKpUGF8PzRwdYAJ9nJdytSTNs3za9WiCqZRnvkXczcDXfFB,372,140280350840697
,,qznE4LfStdckoGKE3E94kmzNAjkLy28SuNJCfGchy3oo8ZM2X,,366,3460215112139305
,,qzqE22pZ2GSJpMmAr7uezPcb62ZmKd8RR846q6S3jaFQcM6V2,,366,3490192677755881
,,qzmdKHkqRpus2WMDx8KraGwQpKdEHcjBxnKhFptzLdCSFMWao,,363,3550076005252768
qznxQ9gQ7ryCusigg8ymTo6PW6SM99NF9zZVhCXEabgWCb5ze,,,,360,3600000000000000
,,qzk7gD4DatoxhdPeU82EvAEmeyv92Kfna4oxaKxp3q57iN1nZ,,358,3560021334500622
,,qzmwniuZJ8paNbQ2XTGAnCHv7KqqZaBZ81CRqKembsYdqQsBn,,351,3282400798568676
,,,qzk6Bdtc1h93BGKkaYV8URjhs3cYgmzBVTGtE9RposguauoNt,351,135127446367932
,,qzov7trcVu8mAF32dJmdWBhCg1JjFiSSCQUbsYRkjRq6pXiPc,,344,3330098697543423
,,qzpFoSokNpM2BKDanS636PWDu9WJBsTsuK7yctpKiZ9m8C58y,,344,3370076016897484
,,,qzoZ45rs5UTkM4MLiM4tDfE9RLFwGvutqyHm3vUk2cqQSqyRN,342,130524024915547
,,,qzmQnLkom6SspzDKsABJQmqa2yRRpUzDsvi1gQHGZNd3dfcQT,338,136191234600847
,,qzkWs5u6F1Qgf885UB8sREoobtsqq9rzCocnNGDBnTQRSDx7Z,,336,3260046619763062
qzoAS8uWhKUMbJG7mJfwBScAXhkG8SUpcBGE4nRP634w6d5cY,,,,332,3290004503836908
qzp84JYcwf5vhAK6nKAQ1AEqXAb71i1qm7QYBLd4xzwuaoKkN,,,,332,3310001501246303
,,,qzk6kUXgqo2mg3FYp7HejWzN2y89ZTUWxY1JfSghv7pJ25ZiJ,327,122999312096622
,,qznrDYi7T1BmnW5jPA6VqQhLEDwLZrhv1vssfdPA4tNKS29Lr,,321,3000224433244292
,,qzmzEaD7TBYhrQFgMNdqBgkm588p6fkb1deXUGhqy6r1BjRFe,,320,3090117339753421
,,qzoippr2KfV49MzLJgp9ea4GaPdXdNtshWhyhStm7ptTKDWwe,,318,3030160676004963
,,,qzpW7oZydqZGGacSiQ96Jw7fzhRbQiCynt1LGhYSqHAsyehLv,317,120027513067755
,qzpTSJyj6Agt7Pui1L6RyxgLn2NqNw3ZqLYAP7u8nfUrgRnVM,,,316,3160000000000000
,,qzowjRbNQaU1QfhGWsworhQNdi6zEuxFiNQrDfp9ufanXLPfL,,312,2920225358401852
,qzkXtGpBppBbjcJHWTfBj1uHLrBzWAo7PpbhC5j5pm483dWpb,,,310,3100000000000000
,qzp5BiKYQTjeNudCT35NiJGDkB955yq7cSA4BRdivvYLB7r2m,,,306,3050010667250309
,,qznLHZWWGsHqPCKWWi8jTKM7HxkEaxfmKqJVdTC4mkrQZxZGs,,306,3000064003501854
,,qzo3MQuQtoueVnz57EHMyujwaSM2LB1PfSUos1w9pX2LUH76o,,305,3050000000000000
,,qzmDVGDm9sXz6VnWP4GvhbPdAyWBGKPxSG5DigEwM8Q4KwZbJ,,305,3000043336251546
,,qzkE8fGYRYYLqt2bgHW3gUsdLc4GtanMHtEsEskQNEyaBcqpf,,299,2880117339753421
,,qzn87mjedhZrBtpadPXZGLfhBkhjda1AhqqjzVKsx4bUG93Ym,,297,2820192431493361
,,qznHMb8wtT7r5HBTjgCECLCgJPYsnCB9t7BxKivZEgFq6Swkt,,295,2860106672503094
,,qzmB4keFoJeiGHkYFPFbrT2PgcuXnEmaduFCE74n68aDJi1pT,,293,2830117339753413
,,qzpwK6747tjFAzNSCS3gekJLBctADVnGRKSYBmfHL5bXshGzu,,292,2810117339753418
,,qzpaqTLSqGL61txYjzWUhVDt8LpSK7NRsEPmZVk31o1uCGg7G,,290,2790149341504335
,,,qzjV98C5Wsf3AFp5GuSypPVBqZ2b98T61CnW2ua5ABCULv14W,285,106268558943533
,,qzmqR5qhpTDjKDaiRHdNUxpn2Kc1R8MN79Ri4CbBsPR2JU79C,,273,2640096005252797
,qznStFEBvfuwmVqJwLgEcDVfWg4rqGzmUampuGtvDSUfFAG7e,,,272,2710010667250309
,,qzjvmw9761GuqAoRhsZ2eCBqq7VmNzAfNQGGkGmEjozynMyDF,,269,2570118728898714
,,qzkG9ekjCtkPDvLmLGn1cgwWBr1udzRFHGahM4sCFmPdtCneD,,261,2560085338002472
,,,qzkZZKyU5f85w5texCMYtLnG4wn7XmP6LbJPheJ1B4mYQiTdS,249,94529401222813
,,qzoEBqbG3ASAmzJakhUoCxdKr2zdAJd4ECnFnuPM6StdD6KyW,,248,2380128007003708
,,,qzkgH7zXgRmH94viJPwmZCEDirtCsKchd9ycMaLaMryjdsdwQ,246,93073727233672
,qzopwzx6CtgsmdqBj8w3LMsTAjtWfBdSd1RoiSDrcQ35Weor2,,,236,2350010667250309
qzmiN6K6FoYzuroPKzfr8bLTbZBpHfmnsGm3EXNEAdPD57qon,,,,230,2280002851485624
qzp5d9h4Cjv6kBFQ5HXnHXVqSCVceMpXkp1E1qvRayo344Yi4,qzpg4T1Y37paXvNCYbvTsEEkkbnyX5KCujFfXo8hbgYT9arP7,qzoHKouoRDeno1E1UftGKSVhmjoxZAfJBAUKRHQjnpp7wdBdt,,230,2300000000000000
,qzkhZnQmk1hBwfo3cb61amw294Vy3G5uK6BubpgVgfKALmb2P,,,230,2300000000000000
,qzk8taXT3PPJJp87M4PbrMJa8vQG53QqShrFiJuiriJRgcwC3,,,224,2240000000000000
,,qzpFWsgxV7BswcVwUkV3YidNRydFYRu3FtkSgGZptswHitwU2,,223,2120128007003728
,,qzo2Qo4jhPcKsjZsdr9oUY5YHpRX5sMefDX94atW1VYpyg77o,,223,2150085338002472
,,qzkCqZuRiJPqsWnNsWTFHxmvA8K4ZzwobtRGVLMCgyCRfSyDD,,214,2060085338002488
,qzojGPxE7TPsyJztr5iQUA42CD6VrC3uyusj9K9xbH19br15z,,,211,2100010667250309
qzmYASZdMiitqjY4DzeaTg4pKh4GCg63VF7oUthGMEEq1BejD,,,,209,2090000000000000
,,qzkzo32jERRgWUA2ydbw7F2VbSuyej194K5SyfHgwoEWWoAaM,,209,2020074670752174
,qzpBGycREoVSFyopdsH6n2XAaVyKvZTBkSf3c9AGnJhwQ5YUb,qzpBGycREoVSFyopdsH6n2XAaVyKvZTBkSf3c9AGnJhwQ5YUb,,208,2050032001750933
,,,qzpPZywsNZY4BhajHqDuL7SEkPQfJCJDcuPMQzosPX5bQmHFd,204,78605067187148
,,qzkT1GgB6dVEnLUJ2jzc7MhJRNMytU2wdEyq4cqBhwb4zcZHD,,198,1880107093490875
,,qzkojMR4K6fG3yQF8fz2Cyg3es9nzcnDdDpG6J2G3yfUH9o8J,,195,1910023347896246
,,,qzncaYTNReUpKQTV8oPn9V12dswi1NxrqQnmSjxNnv1dZFAdc,190,70359412391201
,,qzngust61yHYBxg8rKq3bkhdYf1BZ2wn1w52X5Gxhk3u5LCmC,,186,1820054003501851
,,,qzkfsjmauTtbEgAsX8hLYoWKkZUgn5E8HGd8Ra7uceUMAwa9D,182,70124144676651
,,,qzmkuZHCkSxKsdiLft6itvokgcoVGY4LCEnHTqrqDLE5LW8ST,180,67806400773847
qzmHLozQpHFMxuqv7wJFvzres4LfNSJQ6xKU3vRFAttFw7EkY,,,,169,1650005703069248
,,qzmR5ZnswAqvhHNiL8edJUG2pvLJx4MUSgEvXjQfw1kAF1kap,,169,1570139516229569
qzjxpUHFK2uS9VMwQduyAVMAduWQviJ2ACbeLHKc8yhQFZYTD,,,,167,1660001501246303
,qzn57cH4DSFgeny98Mwgvt6N2oyniAbEA6nwG5XZj3nPh7rTc,,,166,1660000000000000
,qzk1d27R76qRMJk4tHQHqaAsgww52MQapV7qXHMHTGJ8MJ5wy,,,164,1640000000000000
,,qzpApMk71Pfz994b9Tvm5VJSYDUwkRDwtHCywxueTyJg8u5Bb,,164,1540118431469832
,,qzpW9S2WAKdFRXGg4Ys54fYAXZft5ovpbd7abtGcyFiZTpuUZ,,161,1590013359540951
,,qzkhppk9Xuukgpxx6RCp7ngLNhgEHQcGGwPmXpqVbPnjnDmUQ,,156,1550010667250309
qzjYjaTQZSz41QYRyf58LtR1RSqktkwwQdvDbb5d2kDG7HNMv,,,,153,1530000000000000
,,qzkmEmPP5Tr8cmMWKjyQhF9dG5VodFWRHTw1DTAnZz2omPdyq,,153,1440106672503110
,qzmaFUXhmE43YGCAZKLbC885GXmsVnbpRxT1174emvW4ujsha,,,149,1490000000000000
,,qzkAtFu6LVY7bUGtQFH8LSgwuZmH94SCCuvwpj28ZwoxHwyS5,,143,1340107339753392
,,,qznWni9oj1YhEQWmwxH6EN6G9AH5Mor8qexsFWhjqysH77Hpq,143,54630895536589
,,,qzknJzK1mxj4BPfJfevxuWtKnabogCp52ESnUEK1n7HY6iejs,143,55393042409931
,qzoDtmBWVbdyuMJp8ejuR855r5V6CokcfG1TmemAzsyEeZvnP,,,142,1380042669001236
,qzpCkSFyjAXdHdRAUbRoPHKeFiG9srSewsceic1KwiBaQQZ9p,,,141,1410000000000000
,,qzkb6MjWY1CKUdBTKm9RKBXTovQA3PuqnHNEUoPutzau8DNo8,,140,1270138674254043
,,qzmLaBxdg8ZPk7eMKf2Ez5US9g1JTabZ3LaYm9sKMiac8Br8y,,137,1340032001750933
,,qzmHx4Wt4Ymxj6B5q2yEtbK9d1DCogczgcB4JaR3RVwEubPvg,,135,1330011334500607
,,,qzk1q2cpsRTG9xR27YTJjpq6wkSrxj8EFydhy8XVQRNoVztkZ,135,52034464492340
,,qzmUtcJHBbdUBMVxMTbqZDytEX4URhueMZGnyVRQB6u8NQ7V3,,134,1260085338002488
,,qzpoMEn6uLMybVqoEdPaxV76GtCmLGqWXMvSUP2HpJ4LazLBs,,134,1280075331708103
qzn4BajdypPBSoGYCKJvMV1w8ggUgQvhekay1hkiTpiYWjtD1,,,,132,1320000000000000
,qznvJC3UaskjTDgb5PxxofDaYmYVJA661tDwuAPQiFGNg1KPw,,,131,1310000000000000
,,,qznCWPicHavhx5RV2R79EcHDio9y2baWjYYN4pKYQgiWJQHSx,131,49545879950486
,qzpwjY2CW8HSHW2bD2bnoCFTg3Ce1vfNE8SZBnauSD2zVr1jn,,,127,1270000000000000
,qzmg1qhH59h5CgCT9JHDbJbDt7XSVoY9kdgkHYJrsYxxjkArk,,,127,1250012056395604
,,qzobguJdkmujDe2HxMYQL59chMDKitWFjRyd4HyaWD3dbD35F,,126,1230032001750927
,,qzpGU15cAxXgi2WsjL71yxz4Ack6jcbZMAUiHTAcwigmkmrBw,,125,1200053336251555
,,qzja9XWqYYwaeJeeCxcs36yq7WjU1Lw197MhSjX6ntWMtQFRN,,125,1120150183479880
,qzjmpXSbCoUBcuEDaEK79tDcB44jghY2NZQTAgSmgEpUWvYzH,,,124,1240000000000000
,,qzpwZJt8wSyVLTXJe28rRuFBYBar2iAcU2J6CCa58PdVed9WT,,124,1170074670752177
,,qzpK6YNygfbbh5d4xsjiBMS6k9mVSGkLgx25LiGARnzuHw2ha,,123,1150085338002488
,,qznxEXFjN3wDxU1S247F9nc58y8c4QWyXRQBQjbysFBtmqjKx,,121,1130085758990252
,,qznti68ayntXygP8CRPJCvt2ppKZ4QzidC6PevvAh4RQPaReM,,121,1150064003501866
,,qzmmjMGJnzJC3Ey485mR6uLf8Suw7bMP2ps1xyTpoU3CgTTrW,,120,1120085338002488
,,qzpyhv3GBQyH2XabDcbEDzYrxMzgn5f9NJGKdv6XcfnmYZX6M,,120,1180021334500618
,,qzmXTTfAzhw8rCUbfrdq6ZLCqBCbsXBNyuF92mrtC1umBNNgD,,119,1160032001750933
,,qzjgQZYb2ASjtZ4oEojNNHSybmBqJDDgTXvRGyMDAaroaPqVf,,118,1130053336251555
,,,qznf6AqnX41rbUcAZw37gAma4KT3SzXRQ479xn66QWmfMX4jM,116,44891979249758
,qzkz8Hs7HoaB5qM2bCjrU17AR9SVn27wAZsAd5dpC3gWy1djx,,,115,1150000000000000
,qzozTFK9guP1EUCkYnJCS2C4XHJHSrEVY4WxpoBUTKHBGpzEF,,,115,1150000000000000
,,qzpS2fu7AqMP49gEfCp8s8GKexvkFuvzQ9CAngrGVywtSrkb7,,115,1140010667250309
,,qzk7PyK5kpKbWaVWPSe3QkGyUzwZww2u2SWxmNbWyGdXeMWM8,,114,1080064003501866
,,qzjmWF8mSSATTxbub5TUgf3eALsasejKLBbwyb1xVoDGdbmmW,,113,1090042669001244
,qznMAKy1imKixFjJrLYgPAHUqEGzmuwSTDmaVRpnF2usvEwQv,,,111,1110000000000000
,qzkgUmAJ2nJYvinnLhyXWsSzDC1yhmzm9sGoQduNdnXhVvvB5,,,110,1100000000000000
,,qzpZ2BmcWWwdSKEj8puvoyyMzaPSpEtGY51Cva9j9TE7qS8EW,,110,1040064003501866
,,qzoBKTFdcWpoDstmQ6K4fLcuAj3vEKLkiZY9jXw4yXUrKm6zS,,108,1020064003501866
,qzoSPiicYPizQYKvEJ37Gn2FajWFH1yoMTzccCZVvod1c8isv,,,107,1070000000000000
,,qzpwecobeg67qddtpgwXftC2WEHYigUrYjG8YQyeXJFdG1nz5,,107,1020053336251555
,,qzmMkBGg5Pkfc8dYPFMUq5WFQge2K9tCDw7FzYjxNHP9LPz8d,,107,1030042908969407
,,qzq48k3inPqJbwXQVx5QUh2psZSHCg69BnedL3YZ2B6nUSzGz,,107,1010074670752177
,,qzknghmWM1bSU2eBJQSCX8WiiPKXQtQw5xWzoxYEYYtPS4Mk9,,107,1020053336251555
qzqAEqE34ZYg7sC5b7Y5kKaRkcYhYDSGfgBtBjTJeizuy3wBH,,,,106,1040003002590606
,,qzmL6e9Xsc6XMPYkDBcjEYhCwMSriCP4ZZM8oAwZai4BsRhTE,,106,1010053336251555
,,qzm7CMTimgiasJbGUehtJtpnEVedyouadMukATzNkEL4QEdLh,,105,1020042669001244
,qzpj3m5o4AseZA9QY5XmNqcuDpUfgkVrETQWs9P93bhQ5zsnS,,,104,1040000000000000
,,qzktDXj9r4XrUVQy57F4SSBbUXMTc9FXu9s2SgTXhgcUAHjpB,,104,990074910720340
,,qzkSpKUTsBWpgarLRfiih3VMqZaKG1Bs5R64MmwsuTPuDaezo,,103,990042669001244
qzmZkaiQKnfSAPkn8dekCFWisHtCCuZTYWaZmUD87t126ehLW,,,,97,920007204315551
,,qzoLfnGmBXg2ZhG9nRu3DXyA6c2oTLE24PEP3tmZSUe6itWSw,,97,970000000000000
qzjfz14hQTAcv4ErDgKuhYbUdXGqvN5gYCARwvA5hKQzM4nJZ,,,,95,930003002492606
,,qzpr8TAhvjwVpNQybE55areXndS8cLMGxMgTphQrc7oMHf7GK,,95,910064003501866
,,,qzp5rk1EYR4nXXmgXVSZC21jxmrKUkezpuFCvJq2YBaJMmEA7,95,36760474856366
,,qzjVnNEPrLBjq3TXTnsRApspbUnWV519Fwb1jg7mAtdrT61Kn,,94,930010667250309
,,qzjmaa96nMaqg4T8NMUkzbCAdyoEHALftf6m5piB6La8AEyyu,,93,920010667250309
,,qznm1xFMwnNmUZEyBYRnizaZ8HqMjHZ7EnZnbZvtD1ZZFB7Jm,,90,900000000000000
,,,qzpjRZgATwh8YX8RNGdVxkEJH3HbP6uANBfDzv16emghLNc1d,89,32433007887830
,,qznVgCeyGJvcoGRkXUgxsq7hJpEbcFNQuZrc5Mrtg56hpBNDT,,88,830053336251555
,,,qzpyGFtvdwb6PEX8engvx6a1Fr34ynJ95mRCk79A7rMhEbsYd,83,31545720804346
,qzjx4SHvfvHvC1CL2om1HFm5f7kFweRKpGCaEcWw4Px4phaSE,,,82,820000000000000
,,qzpisbjK5jJvxmcmPkoYUw1FWdpwFyy1WagoUi7WLQP29hLn8,,82,750075091739938
,,,qzmeLpn3zpnr6qByEkezHTxkWbfzHyUazFgXnMzzgWxc1mW1d,82,41376453800108
qzmB2SKjunKRcQzYzecf4xbFjRHWpc6euWBj6qVCqMi1quEPm,,,,80,790001501344304
,,qzjvv48q9jHVn9syMCmUtNXeZPsuWFkbbYme2gP3poiySG2YV,,78,750022647905228
,,qzpqnnSG2ajZKJXYu2DgXY8xgadHgr2mTgiBZSfhfTrbdZ5ho,,76,750010667250311
qzkgaH2uFc9n1ZMHGZ2NxELBeJxp62tktsnX2s6LDZxjtSiSC,,,,75,750000000000000
,,qzmhM5v7P3GiAs6psjSbvu2UcQ1R8Hn85wAzE4Lxtbew53oSV,,75,730021334500622
,,,qzkV4WNDjjPhBjHj8fU1DeXjQykuUVFY9mbMJaardkvxGQGVn,75,27180628219208
,,qzkM4mC554a2g82fUEp9DtmAHwf46YCv4dA7u6nMg6wA4BKgf,,74,720021334500622
,,qzpH8xWWXYfVxVt3a28PuzgrPXxKH8hCgoPm23i5eoemcJrjE,,73,730000000000000
,,qzjkCBdLdjxtkMh2rHhqQcY9k9v8TygcnfQcJAeczYvfhoa1m,,73,720010667250311
,,,qzkdFgYDxFuA4e7CWCn6UAG51ZqPwbZgRLFGmTHMtr49hrqCf,72,27701818114636
,,qzmX4NAJ7vuQa9Z54yfyXrzPceUNQarLbJaCsQBdreUcPmer3,,71,680032603758298
,,qzoSomx616M6SNWx4ws3pZka7WQ1Q7FfSg8JYqFz2oPH8ifoG,,71,650074670752163
,,,qzmNdACGAF8juNpKwpeVx9kw6PNVX73m7g7RveLouoeDQ9MDp,71,27384782166204
,,qzky2MecccS6zrpxEAgtUTsvaS9StH8Nj7QhCq2P7vuydtYCP,,70,650053336251555
,,,qzokw2pZLzagChLZ4AzXQ8URmLSSTKGUpAcFsjg8sCQiAeBcv,69,26781220617303
,,qzmYBoaaz26weRiYfYPm3qjaemVxq9rJrcpdZQV8rmpUV55AZ,,68,650042669001244
,,,qzoDZEJoJremk9FdshfPfquRkex7KGSdS62mrCMVqkzFPAkcf,68,25629941171100
,,qznvi1ZszyuAifiTVz91L5LsDAsCnBQ9XUcpUpqAQ3PV7Fjs1,,66,650010667250311
qzpsMcVZLViR2Zr3RywU6wPPQrz5CU2R92buHNatuaqyMRran,,,,65,650000000000000
,,qzooDs3ZYEVkhNw7hRp7gYDPBpzX46yqdo2xposqd2v6xD6yF,,65,640010667250311
,qzmr82yTMQTcVbUtJj9fEfFUi3oCVsBjXc8tuThDV1DdFKaXw,,,64,630010667250309
,,qzm3SnHXf693tmr6rUzmNJgV25yygczRpVfm1BvTYZebVCAJd,,64,610032603758301
,,,qzpayjBTErGZbhQ3D5YUcyCP1PVwUSiWFRdyXjr1dT3sysCDo,62,23904690732819
qzpkgwF83WrNb2rM7WXUTG6V5SZLGUzN4QLVXi2dDcuuBsxYU,,,,61,600001501344303
,,,qznL9CQFbtCn54m6QQQxNPsf2qsAGJCe6AtKwZ6rUWkLjxJVA,61,23667822145422
,,qzmHZ8cndFnX53jMM3dxoeFWvf17MeU8Fg8u4aQUxM4Dka689,,59,580010667250311
,,qzmzjVzAe7foBDmDS26LR3vyxP8pzHKogRxYZwyUN61ZWZkcM,,59,590000000000000
,,qzkso2u15i1SvK3JqKw7QmFsRh5JCQZjoBjSvgsiDVgM5QNzY,,58,570010667250311
,,qznUKnV1ujA9NMXdHMnQ8Hpo4hz7t9o4a2NyHsLnYX1tPCazy,,57,560010667250311
,,,qzox4ZXRpoVt4CNbewQ6aRUApLuqxtAsNNxVeZFM8hJSL4kbN,56,21709495775676
,,qznViVkAhoBgCfyov5CjvV6nBgTZq4v6fEPkAcXZbKeFgU5y5,,54,520021334500622
,,,qzmJZfma5ZAkBD9PLBSpBVi8WYpdzvhpJzsGoHH9Jq3PzZLFJ,54,20841494754862
,,qzkeXrD69KNvKjQoi8fDyvdZgD89K3mGH5jJPSmxtVMAZesy5,,53,510021334500622
,,qzkCLxcwHK5nwTA75gT6PUk4iZnBBrvMyihDGGNdeZSd6Dt3M,,53,510032001750933
qzmRxHJSv5v8U9AjhcKQw6snjmLY2ZaJ5Bxr72iYYXWi1xT9e,,,,51,510000000000000
,,qznMDpa9dcRH1FQT5xQPGsVus9eGDUTK15ZBnLHjnJw7T2UUQ,,51,480032001750933
,,,qzoSismfMrpcoyDCPRwFrvo6sAFC5nHFSixgPd45swjN1xzkc,51,19554037855445
qzjvS5v1YYZ18f3SfeMrjMBUJgRTn48fzcLdPst94J4Q2J7hz,,,,49,490000000000000
,,,qzoxLXW767UZJNs52YezTgCNYy8nNMZ4fT1c6FPjDbeV3FucF,49,18826268068572
,,qzq8TiLA49RXi1JpoUbqmGsCR3P2yuyg2AXgLaybFdqP7vSXG,,47,460010667250311
qzjWn2JcqBs4ttYWrtmZFS4jpkXgfa876TRrA1uscyU6YeLwT,,,,46,450001501344302
,,qznSj35WSE658tqovSS3ogDfyM2sZtRcJQUndj7y5m7dqEJCj,,46,430032001750933
,,qzkHaFAwxn5oCbTEHXyJXgKQubPFJk4r3S52mSkATeXBtE8xY,,45,430021334500618
,,qzo7F79w2iUmJ3TJu1A5SVMshSa83gLzxVBPnCS5Jc8m2J5QU,,45,440010667250311
,,qzp9xuqd7i2QqFSwQQziL65eJyvjWYyZMwCEes4uuRNkRVBKi,,43,420010667250311
,,qzqEXTmaSg3PayZZFBCFfqrkPCTu4SM9B2gBmsUVpWWGZc8To,,41,400010667250309
,,qzka7HSgtxVAKvmVG4keyW9iEzbX6hKtAAuY4ZCVMMBKXTgQq,,41,400010667250311
,qznx4px2UTMrKYfg1BHAE6Y9jgh4nuujz7mLMA4V9FzKViZ19,,,40,400000000000000
,,qzmHMJjbzJFMKRZJ4TXmT8tpUmouybFhKmAdMg6hR6pp9JtLx,,39,360032001750933
,,qzjhjRKqFpPW6vGtBboTcby1kDYqPF29jXotNxhyxJ4dMMWsr,,39,360032001750933
qzmimGidKhhszaVeVhnNufcKQQU1QTieya1AzL8xSMHNAY7G4,,,,38,380000000000000
qzmrdGsRW6WpEr8iHgdhxcYo7FvPrU9mH9WJf8qZ2VUZHDYHJ,,,,37,370000000000000
,,qzozKd2Y8Lpk5hDTFXHjDJaaQvAt6vpXHdephiNaNSA6yfR9T,,36,350010667250309
,,,qzmezXnGAqfFMxVVSP9mQLDQ9iVfFCbhVHfcDLgeEfdqD2BWH,36,13973029561194
,,qzmj1Fm3gPdyYTYYki4Th3LTKJTdYf8JyknpPGf6HNtxm5wS5,,35,330021334500622
,,qzownhvXskhkRG37Ssyy3SjW18G5DZB4bwqdqMCQLfuqt7M4z,,34,340000000000000
,,qzkn3j8b5SgdAQ6U7ES5fakASghRhbaM2XJeE425fPa4kxUFT,,34,320021334500622
,,qzo86VbsZSBEuhV7Aaxh9rnZSEPkRmVPNG48vyiFRAeHZufeE,,34,330021574468785
,qzoSiFZtJSBu55p4kFZNsyAntA5o8QZgi8xyZUFmdws9Nhd7t,,,33,320010667250309
,,qzn1Xp6wRpfzbAEocdrDKTSdofmYVp49ZMfj4aQPjTiSu3Fih,,33,300032001750933
qzniXds4ZVN66LfKrrqQmrNLe2S8UraqiwiF1F5x7CykpeLFy,,,,32,320000000000000
qzo7xakq5DVCNdUTudPgAR71W1onYSjQuStoNJnKev6FwxT1L,,,,32,320000000000000
qzka5PoygCZ6U8XH71hnGi3sUeqZya3BvJUALbAT3zSKoykiz,,,,32,320000000000000
,,qzkqB3NhqNMesamnhFfdxr3kHyUY5tPPGcs6fT8m36ChoBxHj,,32,290042669001244
,,,qzoo2z1erAV6UrWvstEYSL5aeTcFH9XK5fk9JyHa8WXt5gF7z,32,12395563606551
,,,qzjcjgUJpc7AdJyE4JFJCvsWUp2cjoNYjL6Aov52NqV5CmuFE,32,12422135584027
,,qzq3YbsdtfKthY7wX3MYTBEu425Z9KkMaXNFEERYRYAvD4hqq,,31,300010667250311
,,qzkAQ3V6M3MfCU9WAZUTfQCMMPaFpMiAdGFbo5RK6BpWP4zxT,,30,300000000000000
,,qzjdDe4BCKLm81xRyKcQT61z3hxLbZDhZ2e1NozerGtqMfYLy,,30,290010667250311
,,qzpby3fUMgTu2ZLXtHEEfC9xk9xg8fd6xmrzTiYh2o6tiAbJW,,30,280053336251545
,,qzjhL9ujfiVEAFaSU3JkLnMGKCJpK1G4dNmKMC11kjq36NiTQ,,29,270021334500622
qznhaQE7tJZtrMhAKWXbzrRnskfakNBNYgVoMVYc8mNkHCSMk,,,,28,280000000000000
,,qzjpNgMDzQLeEtw1wA51LHCik8UsxmrEMERSCqc7pRVWTkmjM,,28,260011292395615
,,qzjnSoYj7zroEVXam3H3n88mCSNWpkb1CPcnXRzXoNgcqeMn4,,28,260021334500622
,,,qzpyGemzsZvXRihgZg1uAGqnQLXBsy213WQGBLDD17hKJ3zpM,28,10865382769000
,,,qzpqHg6mJ89HkcmoKYmWNfAX5GhNZW1PfqaApJ9cTryKzxW5M,27,10469346987364
,,,qzosnG6CiepSxanKYe2jKHoj5DEqkGyXbghYaWKxznTqhWQax,27,10476599992749
,,qzo3AqSb1WhQZiibbofB3PEhwyMQYMEki5N6zUgrsZCNp4kx7,,26,260000000000000
,,qzmUxhfxGVy3eJVn4du2KYXHpwNg34dUcYnGvLVSC4nixKJJh,,26,250010667250311
,,qzpqK52fRQZWxPcwKjaVMwtLc9zh5H5fMhTk81ygfVSPKjHN3,,26,240021334500622
,qzpL6PmovJaHb6h6vbpQawEjf18o1X6gMVCqMZkBzALgyQvue,,,24,240000000000000
,,qzndHPkVwAPYj3QdWFjmmTdTbeojXyLwN62TW3ddWtMH5kpHj,,24,220021334500622
,,qzo9Z1Eq7AXjy8nCNSBwwt7jCh2Dwx3YAMkeJ118BF4aq6wqo,,24,220032001750927
,,,qzocCRD4qnkNXDw44jh46Daw6s76z8PXiwAZvY7Uddc8aKFDr,24,9316897374230
,,qzoXJVd83djk2qVMUM9FEwatEcauk2gy7fibcLouGmKnxJMph,,23,220010667250311
,,qzpyUUR4izgVZnJuQvF36yKfbSN4No25FLrukSAfxAUYGE95c,,23,200032001750927
,,qznKqLKZJrenFFr2xyg12fPwUSwNPgiLfnAoZUHoQwtE7YqHS,,23,200042669001244
,,,qzmvZ2HK6bEhBpfBhp6hoF9kFJuzWcTzha8UEdsFsXFS7GBHK,23,8932494109657
,,qzkhjMrw8SUw4GPMC3o4NXsb9SiCwjQMnFyCLtBTwn8o9FV6g,,22,220000000000000
,,qzpeEaDx2bLz49jgzpfYxWwYwVpGLWmWP767AfHmx3xU8ZqWy,,22,190022680645943
,,,qznVVeqLCFGbSAhuX44djxRgjxMtVvAsRbNvcmorDAr7izyfW,22,8548173970442
qzpAK583igoJbAFGjVKMF2GW8piywbkQDSDYXbZ2mnmjj1WPs,,,,21,210000000000000
,,qznDdf8grx5u7B85oreVY1BTu3BD2Cm6J4d412eZsEUNZD98J,,21,210000000000000
,,qzpBbBTvpYRRQndz76mwQS1RrPU9qFTzGotZ5nyhzMhyh3wgh,,21,200010667250309
,,qzmkx9JNgxkDm2oB4GBEvWH9Kh9RhCv6cri6URXgxKrwG9z5E,,21,210000000000000
,,qzpHxBPuCB5xvCwx1ZMb6RsynTPMBSezhhdYvESBU69Fxit1c,,20,190010667250309
,,qznRiMp9942wpgRTqKWpVifye4R1s4uzXdWcTb5Yh4uBbC8kx,,20,200000000000000
,,qzk6n5Y8mfzTTX62YK2iXW6XKJ56b6Vm4eJEPUK5v94vyrzSV,,20,180021334500622
,,qzoFduCWiF3t8MCiqb2N16NRUEvBxvQw3HMbPzgWaRQPvVZsD,,20,200000000000000
qzn6iLjTGrSwHsafAK7pRdcLnz3FR9nivW6sz2D9BscxMnpok,,,,19,190000000000000
qzkZytUkY41CCJ38epkZ8ekAvbqrqibLTWxWy7FHAMvJTB9Ei,,,,19,190000000000000
,,qzoj91JQYor112B1YyteJumyXzLViw5HriZyqitHhGN5oKETN,,19,190000000000000
,,qzkanfY4hsTWqR42JS7R5e3WPHrsRQxZhtrarpGUUGugZBd3x,,19,180010667250311
,,qzje8ZWLZD6wvpQWE9rW6ggXbbvL5zn3mT2eyEFJkWPQTwnvu,,19,190000000000000
,,qzjkhmhCQgp3R7ykyx24TzJThSE7C6nzDASBK7KQ5ZnZNXHyG,,19,190000000000000
,,qzkjUKnQAjfwQBcnKrZjA3gKdiPnm6pT75JQ2DCybKhNFNcbk,,18,180000000000000
,,qzokF9ygQhxm39rrZXW633shdMyVu6ctBnEpnuBpPThMCR19C,,18,180000000000000
,,,qzmeNN3Ut3nbzMTgUyqZZQFLUMboNtregUYS1y8JXB5P26UQ7,18,6933603300934
,,qzo5QiGmaMUUYY5oTL3MXEmRLrXjhstkYRVtqz7PDVy2EoCfq,,17,170000000000000
,,qzmag6LzBdDuMQx1TCYPFVb4ibif8VgbgHcj5m7HsnAybyzbH,,17,150021334500622
qzoBUt2hhkYTv4q5kwWApstheRqrDxfuzZpgte9W6L4h4GpmL,,,,16,160000000000000
,,qznwNY4H4nDnjL3ASfd4PMf4ZgPc4Cnz4uhzxpePbUncti3Bx,,16,150010667250311
,,,qzoHLnyZgjfLnGsFnP9uSEL2gMZZDFzkimQyrxm88Z4aw2K97,16,6209031562363
,,,qzoFcKVewDKGFMbGVkXNrNoPU4kWw7j67pDjYs9EM3z1o3iN7,16,6185082047899
,,,qzpRWSWuWhpsFKyu25XS9VGroZGvntCERUg6TbpF6Ra562nsJ,16,6209017311999
,,qzpmE8dUhPKcmAns6jH1CDNQauoRd8qMJpcVZYcSvbmeAG45W,,15,150000000000000
,,qzmFGkXnQLedPFMFE8Cc6sMoqx5c67dv1pcdWxvHR7bbrmRun,,15,150000000000000
,,,qzkUuwqEMxxGSwfZyrnYveXiMufyMrCsiBzqq8ziGAWcnfU2b,15,5801769635173
,,,qznYt31QkD9wxRfSu1rDBR8qEvr5NyxKTWmYpYtAXCsE1YsCq,15,5790984143649
,,qzkvVQpXZE4MvfEcHwDp7Z83UdjNpELZShqC65aSpiCoMFkad,,14,140000000000000
,,qzkQ1rmDvcjizT2SnLnB24VTRy6NoMWWyFunUEffmKfXbBggV,,14,130010667250311
,,qznest3Dw31BVx1K454YnZz2MXmzX3tDXXxwNiimNrHwpB1ed,,14,140000000000000
,,qzpf41SAD6EpYRAPrdPp6xAnAJjmwyNUQjN3WwKS3RbkDVZA7,,14,130010667250311
,,qzqELNV36vRkd6WLKEk29tJgzt9PWYs8suv97dkqqeQGugBoG,,13,130000000000000
,,qzjdEb8W8bSvK2pdy44rYvht2oyMvwvnpdRLS25RUtCSiD4DT,,13,130000000000000
qzoz5SYKo5BJbeQSNqWHEiNJ23XTs5qNqxVyC8Ua4tx56F7Rn,,,,12,110001501246303
qznQ7MPYioe2ohtPN6EWpKa89UAt8bZ8SHwjyAMe51SCXZK4n,,,,12,120000000000000
,,qznxZnexEwtD8ocY6v2qNAB98fPMWrJ6eTDgEYQVQP7BPCWH2,,12,120000000000000
,,qzpPiJ1fDZDAdPmQq2xR54o51wbm9HFzFnpAeyDSBM1QVJ6Vp,,12,110010667250311
,,qzjXxp5pqxgRPtokWhq3Q3CaNpFvtRAQvgNuqp3DxsF2UmgWM,,12,120000000000000
,,qzpVZUR8b5xtywQR23MBuKPBDRsfRn4whFJNNomw9n4SN3czj,,12,110010667250311
,,,qzpA91p9XtvsWLSVufXABgBJded89385xDw7DdGQi7uJcH8ce,12,4634690687516
,qzq5Ui4a7zSeFhNTmixuYBkUDC8oRQAN12fysXXK92LTzksHF,,,11,110000000000000
qzmqfu2zk1ef6GeFnS8aNHvYuFhi62YXXt86nunYNxj433pv1,,,,10,90001350239321
,,qzkQomVDZF9EvRreXjaTfAwsoH5x3HnJZEzrZ5a8uVAPNGjnk,,10,100000000000000
,,,qzjgL9qpt1QiDQQ1mh2Wkj1YJqs8H4SdYJReuQzTcgwu1aFF6,10,3885499628251
,,,qzoT2pMfp35nzuQDanx1D81eCv6LoKSu8i7vSHRXHQxgLTccR,10,3860521386880
qznwx81CwCNomZy8jC8M95kfEtxCv9oosUhmD2BbyLKMCspN5,,,,9,90000000000000
qzo6KH3v6tujBYcmZ39PfEzA8Q2qX1j9r4u5b5L7yse7k7pJs,,,,9,90000000000000
,,qzpr6axnjhKZq2A3mLUofxn5bYGEkE8T2jnxUDj2mLgJjuF5N,,9,90000000000000
,,qzkFRmUrg2MFdhTsSr2isTezePYbuvv8YZSTep1i9mzVRiGVY,,9,90000000000000
,,qzkfhFDtDJNLhPSrKNZbqL2TWNPVhx9iM3mwJSztaz9oNSNLT,,9,90000000000000
,,qzk4v3k6Zo6t6wrHFgUrPP4JFyPwsTazMBMAvymT8pu8BDieW,,9,90000000000000
,,,qzpqxLHBnWSit8tPB4pWqr5f1R6dVGrbGaxFkj48gXPRzqA9C,9,3458315034568
qzmBAHgFaqHMCrSEPtJg7PcnvAjjyZmcCzPfTuQJqTKSsgETp,,,,8,70001501246303
,qzmkhojzgAyXu28fRGCwNvZExbYTTrGAUAsjPYAKaasjQGs9S,,,8,80000000000000
,,qzjgNjPfg931rE6LNuhj6ChN3yeGRQMfNVxr9hDz1s3ZkfStW,,8,80000000000000
,,qzptJkW8LycLN2swTWYZcpSZEJhm7HxkwSoJ2V7wZ9aY8JeBx,,8,80000000000000
,,qzojBmWZ7LripgpyTiENmGuX39xKdTCNYgmzhQiHhJFc5qnca,,8,80000000000000
,,qzpehC9ZjRUggL9pPpe25bbTTKLiL2LjcnGZznhU41E5a878c,,8,80000000000000
,,qzoipFcQwRGzyxj9ydCSvdY2nYVwiwuVoLujie2o2U7J1wPBF,,8,80000000000000
,,qzkayX8KN8CEjkUDqTAArut7bH6UgDHLAsXaiMWJEhjcoWGoZ,,8,80000000000000
,,qzku31NauuNcF9cX7tZLbVRfBhtXWzmyi9CwZoWSH1bujhpKP,,8,80000000000000
,,qzn847Y6b4h1Dff2xbjATrL9aho1bCDWpxrzSbtgyGaAPusET,,8,80000000000000
,,,qzpTdiu1jfTHPVqif1b5Vu6GDqUuy81Jxm76oiNQ16f5KZkBQ,8,3107154678617
,,,qzoL8QqWzpJhSkRfK59FYrKtcsfNUxQ9tXEQWtznKAn64xpje,8,3105094607786
qzng3GPNkC9aq7qQhBKNEAnjdtq6QWQDVpRmXvbkU6eRyhT3Z,,,,7,50004244724919
qzk4s4DdWzQMjaYg2p1cAtjPJxQQW1cWKFXjo1rae4xWR2pfd,,,,7,70000000000000
,,qzkPoj8w2qX6MGGBdttAwmsVwRQDrrkSfQcvATLsDW6k2ZkyM,,7,60021334500618
,,qzmXmBDQma6WUmr4Sh87s7T59X59L77ciYpfv7K1CidHFxk2H,,7,60010667250311
,,qzorXSPdUzCKtP9NMjuZRFvn6eCS1aphgFgf9LeSC6YB2hxBs,,7,70000000000000
,,qznAxZLmxAeHNgT5M6RZWjd1vWp299onStfNN5pPXh82TrWRH,,7,70000000000000
,,qzmWatjuJuHjNyJ4m8VPJScNf4cyv1hXiWghxq2oydomDg7oR,,7,70000000000000
,,,qzjaWjqE8uocSjv7RaiGRbTeCi9APoHrwPGMS7vPnMtDiuEZ8,7,2693071933735
,,,qzputQrk7ZUQkGNRXBNCCDxrdb8ACQq8xqWrEy433bv3f6CVt,7,2710438196212
,,,qzpcRZmNX4suvzHRWcwbj2kqtGrgxTP8n8cPvQYDswsL1Hrtj,7,2677292796833
,,qzkdFU7QNXq4rMMHZaT5xD2mUMjZSxuBPi2qDhEY7XoYq5rua,,6,60000000000000
,,qzktLW8fzzVLUfmFkvDWFKPH86Eejf6AuKyNmpVxZR91VZjr7,,6,60000000000000
qzjjifC2KMrYMFVjUoAwjvURRNoudZFMD9XCbfRvGeyK5dDiH,,,,5,50000000000000
qzjh6EaaA3PEQZF6HRmLrxQRDA4FDJweP5wYEYTQjWx7rWN5v,,,,5,50000000000000
qzpzyGesbhY7G5n1pXq1mhSc1qs5K23oBLzHST4U85zPw9P7N,,,,5,50000000000000
qzmBB9bheoaW5AkruaEhVSPRAgxnu9Wfq4FwFGnJnTLHt9a7b,,,,5,50000000000000
qzo7wGwtVYVeZ9LEgiA94gH3JbWfgr1ZqDQdEuoR9iN9k3vm7,,,,5,50000000000000
,,qznjAswMVC9ASZYuA3KBhU6bRmRMYgF66JrcfbtNYyJRgiTfg,,5,40010667250311
,,qzjX4rhtDvic2ZSERVb4bEu1BDSjcz5ucDd4nyfiwzU1qVRd4,,5,40010667250311
,,qzoVjftG5NLdEYzCGsa4XTMoYTzaRBmoPq2vBTwf76sQkd82y,,5,40010667250311
,,qzkPkfY6vQfmwXto2W8dKqg7RpCLSL5DNT7NjfJNz7iQjwuPg,,5,50000000000000
,,,qzkjVnqExQRK3SLndRbfi1GT4VdHuroZLeZuuKwnRuAhdmJpg,5,1943375826759
,,,qzjwF7pKyWfBcurxx5qtEB7UZyzTrYJvud1BfnamLb6grQX4p,5,1932923083493
qznKMfamaZcnqumUWYyRaNSCWkryPk1GMC5NtTrzwqwAwa7cZ,,,,4,40000000000000
qzm21sP93FbrYCtTp1LrQDfs6quxBebPg495AZKa1ZRRfnszh,,,,4,40000000000000
,qzoAovtRCni4t3PwgnjmiBm5hfYEui5jQ5cxWBVB2xnBLiHbt,,,4,40000000000000
,,qzp8afZ5GXNfbCJeVztWzF568ZMmVKT6G9HPtSD5gVZFdktSV,,4,40000000000000
,,qzp5FNZDaGTHgw8RA2k1R1z2Qyccw6hz8z1FnRhEAdf6tPFnv,,4,40000000000000
,,qzppUuknLM2VExkeQummtLHpeCsbSvws3Fo4z1LK1BA5m6QmB,,4,30010667250311
,,,qznA4vcMujFgJdog7CxMsiAhKBr5QdhJh6G2sg6zFkp68oPjJ,4,1543894897634
qzoEVkv7YwtA1FfqgTVi3shAeXwF4bCZm6jxYMkvjjDjhsG2y,,,,3,30000000000000
qzmrw5DXoBE6LBvXGRRTdAHobGBTXGjitLw6wCXEuQE8a3fgi,,,,3,30000000000000
qzpAb6dsFo2UXREMEvFL3ZLFmi5WoeJEq28m3HDVwsfBrzviR,,,,3,30000000000000
,,qzpdJRGxfNnby7ue3PcSJZZTiwZVdyXJTRfXgAyv8U3gCRoE9,,3,30000000000000
,,qznK378TgU5v6oRai7UgutqV81hGaFoAoXn4DPBfiPcZnM2rz,,3,30000000000000
,,qzmXZVNPEkyNoNrj1rewRCPamWQP6YsVM6xt5pzueEEx1SEDC,,3,30000000000000
,,qzp378k33doZHi6gvvFCUN4auTEmQgWqrLDZEZrTPXs4opcRo,,3,30000000000000
,,qzp4nS2szKTcb31pk7nZeFwL6Qr3GTRcwdMAAZAvbkh1cdVc5,,3,30000000000000
,,qzpfmVckguhytKse6VwYXFdpdM4BDgjmp9jB6q3ovbGmUNmVT,,3,30000000000000
,,,qzkEd1jkBkoYCnpYkxdwBWfzizVV2txTNtFaZFaKPo86fZkUq,3,1164384286763
,,,qznKrw41msVGkP5VCCBVxzgzTwXVYtiSPMg5ky2re6VF7MLTE,3,1151318327245
,,,qzkHaujm7Y69xc1nd5aMVT7JrTjjX61PQBmtaiNG5849vdQc3,3,1160489609797
,,,qzpcj5GQKCTrDj5rJEJQoiQqYtMpui3u87TzWreBNtvtDP1F2,3,1156429611924
,,,qznbtSyvbBezyRyo3P2E3t5aN5pGS36k2wyaYM3SsBX5J4t3v,3,1158660624354
,,,qzk8LDsLdUAiCm9sd3nTu444FYhHf2Ho7PUPZLowycRUUru86,3,1145803409994
,,,qzndN6KuuwErhK1SHud86KiC9yN16KqNbZj67ZbN3Jbdr4Y8H,3,1160176107455
,,,qzpxKxU9R9Wr1PTtaby6vw7EPoTxQTShPKmWJWAv3aLrmU7wV,3,1152422879151
qzpj4w2G2jmVGTb5UuiZ6TVvJtaQpJsbQ14o4AEUHt6vjJrQo,,,,2,20000000000000
qzm84pWDU2AtnVTHpVDC7mD2qTRxC3Q1zYuYDEEHTyW1sjjSF,,,,2,20000000000000
qzq3VLu6DHcWDtWRAqWXtTkDMPqz4BdJNvy3e7SYaqhZX49PQ,,,,2,20000000000000
,qzp7coYcyvNNrt7BiqhyD61ubcxoHBKtsC688zz7Hmotuetuw,,,2,20000000000000
,,qznQ5i181r87Lw1C8wcp9qRFBEC8CEjhBqYspdSFv12R917NS,,2,20000000000000
,,qzkrJDzQuyZ92KTdwG718tQzZUCL4hd1m6ibmHaKox6tnJEXL,,2,20000000000000
,,qznscbHurRmmJLVBKn3SgUD3KwXNKZiLFjSsvrjtk1m73c35T,,2,20000000000000
,,qzo5LUKwEHe7C66WLen9tcTdRx6rqNkSVyrRWXZGzVNGuQzYH,,2,20000000000000
,,qznpoqYmpSrypih4epbyMRp1cFuv7T2pzwqhrc4NccZr8WZB5,,2,20000000000000
,,qzq8dkx6Zqg3a6ZN1Pbmrhd1jwow2fNNh6SbWrqYD8M1CMuNB,,2,20000000000000
,,qznySY3GQ9dhK5GXjt1jJQN13NRZRLnwW8rgifDNpMsbKESKn,,2,20000000000000
,,qzmmSu8dfJ6ww6Rp8iHrN7Q2xBPKS4E6kxM2kdGfozSk4EL8c,,2,20000000000000
,,qzpZ457u4UcKAtCHNskiNRyFgX2L3pngm2fL72WqgjWLz8N8z,,2,20000000000000
,,qzjUZ9wS8wwLqdiRQW3cn31ZiZRxdD2uqTLrFoCoi3j5FwXom,,2,20000000000000
,,qzktZGjX3ALJrEzFiSS8MvZNF3rgFyURLh9eGgFLgNNCWqwYU,,2,20000000000000
,,qzkRf4gKmSMXZ1a7K467Fya5XkSv5uhfdt5BoebZSnuRNVFmM,,2,20000000000000
,,qzkcPZa7MJHzCHPi8xUbsoM2aDmwmMmzQ7yHRvSoUhw4GoKaK,,2,20000000000000
,,,qzo1VJSvmRHa547Gamx4HoQT9JeBrgFRTUWghAZWfHqeky1Yq,2,774587559401
,,,qzjtdBwdhUVKtJVi2hatJ3H6XCuEmNxkYCKem5k8se64mz3mE,2,773921231960
,,,qzo87ZwuKz13ayPzDFQcdzpRK8gArkTWdG7dx3yKQgLxkC4kG,2,406428185932
,,,qznokNSfTTmbQFxdMgZAi18oZa4LAFg9p5ENdQqiQHb8Jzxvg,2,772181397149
,,,qzk7RfwAxPHAczVqzajyt7upzMLi5UJ85uqaC8eWch3dpQCN9,2,776941220348
,,,qzjpNsNa4ieb8x4i7CixThW6wZE981K9WeLkangcND2mbzJ9d,2,774358999565
,,,qzpEYGQmZ3t6Wovy6eXXiRBAXDvSry5vqGZWP7QhyDsMECNps,2,777182810244
qzmGYbF9Qm3yykU1MR3nXQDyhHaS8SnXwk8Fd2y8UkM2aWTbG,,,,1,10000000000000
qzjWXQK7tV1zVxW3XaKNsK5HdJUteLXZuGC2o3i2X3kVJ2zqJ,,,,1,10000000000000
qzpXEJTTtSvWMqKVLhfwVXW9qkXEftZBdzz92hf5QnxVvtqV1,,,,1,10000000000000
qzpjuAv3XbYjiW8Lw6RjxCFwkZzypr5TaMLvkQfuNVEigTAns,,,,1,10000000000000
,,qznTeZW9c9ted7HZikNuiM28czaRFJ1QXpSHg2ekxomqKqYwJ,,1,10000000000000
,,qzkSEr8NkswvTC8vdpKtdfquH9a1AGnLZhk1v7aK8rnwuhX1o,,1,10000000000000
,,qznv5u1NrSWddzWFbFoVFpyBkSwpY3XiQxQHUcT46ueGcdvSN,,1,10000000000000
,,qzneQjBF9FuaFEp54xzcasEx65koWny85Ks1HEEhwbwN9SPdu,,1,10000000000000
,,qznu5dm3S2yVJHTRxWpezNLa3jnDgYLLESrnxfZnAF7hi1DTm,,1,10000000000000
,,qzk366wmwXDNz1XJmcmgfWYd3ZsaTSWShzZdwZC7Er7LgmWih,,1,10000000000000
,,qzoayTaF13Y5aC61z5gugijhgiDpz65KxTzvLuyJcMeV5ySM4,,1,10000000000000
,,qzomkQ1h8eVx3kKSKnytHSWcavLaBmXKFZVxJAfQiCXXs29PU,,1,10000000000000
,,qzp6aPeDG9tMTMWAtougwZVcqd8k8ZDbVgzQegWE9Srzxqyqd,,1,10000000000000
,,qzkAV2SXEMJe9um2zH2E4KCf2oqiZjrBZHEpGBKMJ5QAqVboP,,1,10000000000000
,,,qzjpv7vUsyBD6qFu4qu8M4beoDdMf242Kqaobz2TJWK6KQSnv,1,383753772939
,,,qzkMjWpxw1zq3dABct4xCpJjJUdVidoUvpJXAfKaYQqt1ZHex,1,382423517727
,,,qzkSDCHg2H2neFHNijk6y83Nk7eufKALeu6eLgxp1knVyeb2h,1,381791103270
,,,qzp9Wa6EYVMv8fNY2BbegmGAJsP4N3wteqbUF8sgLqkRCSdtj,1,385610312846
,,,qznE1MGLKBzbHnnndbEQ6xSn3XkjMQzyRF6Rm5mrd5mhQN1hT,1,388460706369
,,,qzmB4sirTy9SbtjG61DvNY5yiW8px9XLHGxo6f9MSLiWyp913,1,388088152848
,,,qzkwZ8y7TXR8hw4dKsng9YqypR6buTfFtN6y7NRkDgyf6KujU,1,388105785401
,,,qzpZjBNMYfBMDTQSwP65S5L5q2ZfDZkJLvuH7P8chuN2Xx5X5,1,383686653293
,,,qzq2XqBesLK7NjPmqputmf7SRuYW7RPL6UCZZAHUYcZc7kbUy,1,388493035096
